:020000040800F2
:10000000B0160020C5010008596C0008D55500083D
:100010002D6B00089D0E0008157E000800000000F2
:100020000000000000000000000000004170000817
:100030005521000800000000E56C00082D7800083C
:10004000DF010008DF010008DF010008DF01000810
:10005000DF010008DF010008DF010008DF01000800
:10006000DF010008DF010008DF0100087519000842
:10007000811900088D19000899190008A5190008B0
:10008000DF010008B1190008DF010008DF010008E6
:10009000A10E0008DF010008DF010008DF010008F1
:1000A000DF010008DF010008DF010008DF010008B0
:1000B000DF010008DF010008DF010008DF010008A0
:1000C000DF010008E5550008D9550008DF010008E8
:1000D000DF010008F17D0008DF010008FD7D000858
:1000E000DF010008DF010008DF010008DF01000870
:1000F000DF010008DF010008DF010008BD1900086A
:10010000DF010008DF010008DF010008DF0100084F
:10011000DF010008DF010008DF010008E1780008C6
:10012000DF010008C9190008D5190008DF0100081F
:10013000DF010008DF010008DF010008DF0100081F
:10014000DF010008AD0E0008DF010008DF01000834
:10015000DF010008E1190008DF010008097E00083E
:10016000DF010008DF010008DF010008DF010008EF
:10017000DF010008DF010008DF01000800000000C7
:10018000DF010008DF010008C5790008D179000807
:10019000DF010008DF010008DF010008DF010008BF
:1001A0000000000000000000DF010008DFF810D0B0
:1001B00000F0AAFB00480047F38B0008AFF3008073
:1001C000B01600200648804706480047FEE7FEE7D5
:1001D000FEE7FEE7FEE7FEE7FEE7FEE7FEE7FEE7F7
:1001E000D1780008AD0100082DE9F05F0546002038
:1001F00092469B4688460646814640241BE0284698
:1002000041464746224600F04AFA53465A46C01A2B
:10021000914110D311461846224600F031FA2D1AAA
:1002200067EB01084F4622460120002100F028FA22
:1002300017EB00094E41201EA4F10104DFDC484603
:1002400031462A464346BDE8F09F40EA01039B073A
:1002500003D009E008C9121F08C0042AFAD203E03B
:1002600011F8013B00F8013B521EF9D27047D2B29F
:1002700001E000F8012B491EFBD270470022F6E78F
:1002800010B513460A4604461946FFF7F0FF20460C
:1002900010BD30B505462A460B4612F8010B13F87F
:1002A000014B08B1A042F8D01CB1002802D06D1C4F
:1002B000F1E7284630BD421C10F8011B0029FBD194
:1002C000801A70472DE9FE4F804681EA0300C00F77
:1002D0000C46009021F0004123F00045B8EB0200ED
:1002E000A94105D24046214690461C460B4602468F
:1002F00023F00040104347D0270DC7F30A00C3F393
:100300000A510290401A019040286BDAC3F313009F
:1003100040F4801B0098924620B10023D2EB030AE0
:1003200063EB0B0B01985946C0F14002504600F0B8
:10033000A7F906460D4650465946019A00F0BFF906
:1003400010EB08006141002487EA115284EAE77348
:100350001A4340D0009A62B3019A012A4FEA075229
:1003600015DC001B61EB02014FF0004202EA07526C
:10037000CDE90042001C41F5801132462B4600F0C9
:1003800045FA03B0BDE8F08F40462146F9E7001B6F
:1003900061EB0201001C41F5801300185B4120183D
:1003A000A2F5001747EB030140EAD570B6196D417D
:1003B00011E06D084FEA360645EAC0754FEA07526C
:1003C000001B61EB0201001C41F5801149084FEA56
:1003D00030000019514132462B4603B0BDE8F04FC2
:1003E00000F005BA0098012240000023D0EB020281
:1003F00063EBE073009821464FEAE074B8EB00002D
:1004000061EB0401E9E783F000435BE781F0004121
:1004100058E72DE9FE4F81EA030404F0004421F07F
:10042000004100944FF0000B23F0004350EA010418
:100430005ED052EA03045BD0C3F30A54C1F30A55F9
:100440002C44A4F2F3340194A0FB0254C1F3130131
:1004500041F48011C3F3130343F4801301FB0244FE
:1004600000FB034E840A970A44EA815447EA835703
:10047000A4FB076802958D0A05FB07854FEA932CBC
:1004800004FB0C542705029D4FEA065847EA16372D
:10049000B5EB08056EEB070C870E920E47EA811745
:1004A00042EA8312A7FB0201B6EB0B0164EB0004E6
:1004B0002B0D43EA0C335E1844EB1C50DA465146D0
:1004C000E7FB0201C5F313044FEA0B3343EA14536D
:1004D0004FEA0432019C43EA0603A4F10C0402949F
:1004E000009CCDE900B400F091F903B0BDE8F08FB5
:1004F00000200146F9E72DE9F04D81EA030404F0FC
:10050000004B21F0004514464FF0000A23F0004153
:1005100050EA050220D054EA01021DD0C5F30A5763
:100520000246C5F31303C1F31300C1F30A5640F4A6
:10053000801543F48013A7EB0608101BD64608F27B
:10054000FD3873EB050002D308F1010801E09218B1
:100550005B41B8F1000F03DA00200146BDE8F08DE1
:1005600000204FF48011064684460EE0171B73EB03
:10057000050705D3121B63EB050306434CEA010C88
:1005800049084FEA300092185B4150EA0107EDD16B
:1005900052EA030012D082EA040083EA050108430C
:1005A00005D0101BAB4106D20122002306E0002239
:1005B0004FF0004302E06FF0010253101AEB060007
:1005C0004CEB085110EB0A0041EB0B01BDE8F04D7C
:1005D00000F00DB90EB5C10F80EAE0700844CA07FB
:1005E000002140F233438DE80E000A460B4600F02E
:1005F0000DF903B000BD00F0004230F000400AD019
:10060000C10D01F56071C0F3160042EA0151C20844
:1006100040071143704700200146704701F0004336
:1006200030B421F0004150EA010206D00A0DA2F5D3
:100630006072C1F31301002A02DC30BC0020704755
:10064000440F44EAC104C100E01830BC00EBC250C2
:1006500000F096B830B50B46014600202022012458
:1006600009E021FA02F59D4205D303FA02F5491B80
:1006700004FA02F52844151EA2F10102F1DC30BD96
:10068000202A04DB203A00FA02F100207047914052
:10069000C2F1200320FA03F3194390407047202A47
:1006A00004DB203A21FA02F00021704721FA02F31C
:1006B000D040C2F120029140084319467047202AD9
:1006C00006DBCB17203A41FA02F043EAE07306E07A
:1006D00041FA02F3D040C2F120029140084319468A
:1006E000704700000FB4002300B589B00CA9009139
:1006F0000B996FF00042CB601E4B06931E4B079385
:100700000423CDE901321D4A089202466B460020BF
:1007100000F0A6F909B05DF814FB70B586B0064686
:100720004FF0FF300091CDE90101002015460C4645
:1007300004903246694604A8FFF7D4FF02460498A5
:10074000211825B108B1084600E020462860049829
:1007500000280DD0002A02DD0098884208D0081B2E
:100760000094CDE901043246694604A8FFF7BAFFB8
:1007700006B070BD990C0008B70C00082D090008E0
:100780000029A8BF7047401C490008BF20F00100A5
:10079000704710B4B0FA80FC00FA0CF050EA010483
:1007A00004BF10BC704749B1CCF1200421FA04F415
:1007B00011FA0CF118BF012121430843A3EB0C01EE
:1007C000CB1D4FEA00614FEA102042BF002010BC51
:1007D000704700EBC35010440029A4BF10BC704701
:1007E000401C490008BF20F0010010BC704710B544
:1007F000141E73F1000408DA401C41F10001921844
:100800005B411A4301D120F0010010BD2DE9F04DEC
:1008100092469B4611B1B1FA81F202E0B0FA80F241
:1008200020329046FFF72CFF04460F4640EA0A00AC
:1008300041EA0B0153465A46084313D0114653EA86
:10084000010019D0C8F140025046FFF728FF0546C5
:100850000E46504659464246FFF712FF084305D060
:10086000012004E020463946BDE8F08D0020054314
:1008700046EAE0762C4337430A986305E40AA0EB86
:1008800008000022FD0A44EA47540A3002D500203D
:100890000146E9E7010510196941DDE9084500193C
:1008A0006941BDE8F04DA2E7C1F30A52C1F313015B
:1008B00040F2FF3341F480119A4202DA00200146EF
:1008C000704740F233439A42A2F2334202DC524272
:1008D000FFF7E5BEFFF7D4BE30B5041E71F100048A
:1008E00004DB4FF00044404264EB0101141E73F13D
:1008F000000405DB1C464FF00043524263EB040347
:10090000994208BF904230BD064C074D06E0E068B2
:1009100040F0010394E8070098471034AC42F6D346
:10092000FFF748FC2893000848930008C0B24FF432
:10093000F05100F0D1B900002DE9FF4F087883B0E5
:100940009946FF2805D0491C2D2804D000240020FA
:1009500008E000200BE00124F9E700EB800003EB46
:100960004000491C0B78FF2BF7D104B14042002313
:100970000293147819461D462D2C01D02B2C04D13E
:10098000521C2D2C13D000240294AA461478FF2C5C
:100990000FD00A25A3FB057801FB05814FF0000C61
:1009A00003FB0C11521CE3194AEB0101EEE7012491
:1009B000EAE7814453EA010002D019F5C87F06DA5C
:1009C00003980021C0E9001107B0BDE8F08F0025B1
:1009D000AE4E2F46DFF8B882184600F091F9CDE907
:1009E0000001B9F1000002DAC9F1000400E0044698
:1009F0000023A74A1AEB030B42EB045A12E0E0076C
:100A000007D02A46334638464146FFF702FD0746DF
:100A100088462A46334610461946FFF7FAFC054633
:100A20000E466410002CEAD1DDE90001B9F1000F97
:100A30005A46534606DAFFF75EFD3A464346FFF74D
:100A40005AFD05E0FFF7E5FC3A464346FFF7E1FCB7
:100A5000029A0AB181F00041039AC2E90001B3E7AA
:100A60002DE9FF4F1F468DB0D7E901464FF0FF3803
:100A70002E2045464FF000090B90B9696D1C0E9869
:100A80008847396A824688470028F6D1BAF1FF3F85
:100A90000AD024F4D064002E11DDBAF12B0F08D057
:100AA000BAF12D0F0BD102E0404611B08DE744F4AE
:100AB0008064B9696D1C0E9888478246761E694627
:100AC000600501D52D2000E02B208DF8000001F1FC
:100AD000010B0DF1200809E0B9696D1C0E988847DB
:100AE00082460F9844F40074761E0560002E02DDE5
:100AF000BAF1300FF0D00B998A453ED144F0800412
:100B000006E00F99681CA9F1010944F4007408601B
:100B1000B9696D1C761E0E98884782463028F0D041
:100B20002BE00B998A4505D1200603D444F08004BC
:100B3000761E18E0504607F0B5FC08B30DF113011E
:100B4000761E44F400748B4508D2AAF130000BF8ED
:100B5000010B200607D5A9F1010003E0200602D40D
:100B600009F101008146A00502D50F99681C0860B3
:100B7000B9696D1C0E9888478246002ED1DC53E07F
:100B8000002E51DDBAF1650F02D0BAF1450F4BD1FD
:100B9000A00549D5B9696D1C24F44074761E0E98E1
:100BA00088478246002E0CDD2B2804D0BAF12D0F89
:100BB00007D144F48074B9696D1C0E988847824649
:100BC000761EE00501D52D2100E02B2108F8011B40
:100BD000CDF82C8021E00DF12901761E44F400743B
:100BE00088450CD2AAF1300010F0FF0088F8000010
:100BF00002D10B99884509D908F1010806E0E00502
:100C000001D5244801E042F20F708146B9696D1C9C
:100C10000E98884782460F980560002E04DD5046E6
:100C200007F040FC0028D6D1F9690E988847FF20CC
:100C30008BF8000088F800000020069007904B46D3
:100C40006A4608A906A8FFF777FEA00502D46FF050
:100C500001002AE714F0240F0AD0E00714D1DDE9DF
:100C600006123868031D3B600068C0E900120BE003
:100C7000DDE90601FFF7D2FC0146E00704D1386840
:100C8000021D3A600068016028460EE7000014402B
:100C90000000F03FF1D8FFFF426842B1016811F84F
:100CA000013B23B1521EC0E90012184670470121D2
:100CB000C160881E704742685AB1C368016843B971
:100CC00083688B4205D0491E521CC0E900120020E7
:100CD00070474FF0FF3070477F2801D9002208E0AD
:100CE000064A02EB5002C007127800D1120902F046
:100CF0000F0201209040084070470000E892000871
:100D00000EB540F2334202920022CDE90022134692
:100D1000FFF77CFD03B000BD10B5164C0122FE218B
:100D2000204602F08EFE00224FF40051204602F0D1
:100D300088FE05F07DFC00F015FA00F0BDF800F02B
:100D400061FF00F0E7FB06F063FD00F051F800F0F2
:100D500013FB00F0FBFD01F00BF900F029F800F0A7
:100D60002DF806F0F3F801F0BFFDBDE8104006F0E5
:100D700067BC00000018024010B507F04DF80028CD
:100D800013D00A480188491C018007F0A7F800F039
:100D9000C7F906F001F901F0FDFE06F0CBFC01F009
:100DA00019F9BDE8104001F053B810BD040000204F
:100DB000014803F035BF00005402002010B50F2297
:100DC0000749084804F0C8FB64220749054804F0B5
:100DD00024F806480068016821F00801016010BD90
:100DE000CC000020BC030020461200204406002056
:100DF00010B5084802F000FB0221064801F00AFF86
:100E0000054802F0F9FABDE810401021024801F04F
:100E100001BF0000F00000201801002000B58BB0D9
:100E2000017A0591002106910121079130F8021FF6
:100E3000009130F8021C0191818802914188039150
:100E4000C1680491C1790991016908918068694676
:100E500001F05AFF0BB000BD2DE9F04116460F46D8
:100E600005460124284602F050F80028FAD02868E8
:100E70008168490101D5012408E08168090101D593
:100E8000022403E08068C00000D5042423463246D3
:100E900039462846BDE8F04101F0CEBEFEE700002D
:100EA000014802F048B80000F0000020014802F0BC
:100EB00042B800001801002000F012B810B5134627
:100EC0000A88B0F90A4092B2944206D10A69C06811
:100ED0001946FFF7BAF9002010BD012010BD00002F
:100EE00000B587B040F20131BDF8020061F34F1048
:100EF000ADF8020017490098084000909DF80000E6
:100F0000090C20F006008DF80000BDF8060008432B
:100F1000ADF8060001984FF6FF7161F3D40001901F
:100F20009DF8040040F006008DF8040002208DF8C2
:100F300008000E208DF809000748CDF80A000020AF
:100F4000CDF80E000120CDF812006846FFF766FFCD
:100F500007B000BD0700E0FFF000002000B587B03B
:100F6000B0F90830009300230293CDE903320A461A
:100F7000406806AB6946FFF76FFF07B000BD096820
:100F8000B1F5916F24D009DCB1F5C47F0ED0B1F575
:100F9000227F11D0B1F5627F06D113E0B1F5D16F98
:100FA0001AD0B1F5F16F1AD0012070471168C0F85E
:100FB00006109188418117E01168C0F80E109188E1
:100FC000418211E01168C0F81610918841830BE04E
:100FD000116840F81E1F05E01168816204E0116885
:100FE00040F82E1F516841600020704710EE101A23
:100FF000826830EEC11A00EE902A00EE101ADFED82
:101000001A1AC26030EEC00A71EE610A816043684C
:10101000B4EEE00AF1EE10FA04DD00EE103A30EE24
:10102000010A12E000EE102A00EE901A30EE600A7B
:1010300071EEC10AB4EEE00AF1EE10FA01D3426893
:1010400006E000EE103A30EE410A10EE102A42603F
:1010500000EE902A00EE101A30EE800A10EE101A00
:10106000016000EE101A7047CDCC4C3E004870472E
:101070000C0F002038B504460020ADF80000A07821
:10108000E178042200EB012085B22146684607F092
:1010900099FD2A46A11D684607F094FD1D48BDF83C
:1010A00000108088884234D121461A4C5222523492
:1010B000A01DFFF7CAF8206C9FED171A00EE900AEA
:1010C00004F1680080EE810ABEEE001AF6EE000A16
:1010D000FFF78CFF606C9FED112A00EE900ABEEEC8
:1010E000001A04F1780080EE820AF6EE000AFFF79B
:1010F0007DFFE06BBEEE001A00EE900A04F158008E
:1011000080EE820AF6EE000AFFF770FF6420A4F872
:10111000030038BD0C0F0020000034430000B4432E
:1011200070B50F4CB4F8010000280AD121780125D0
:10113000642039B1012907D0022902D100F012F848
:10114000257070BD257008E0B4F8031009B1657111
:1011500003E00021617102212170A4F8010070BD3B
:101160005E0F002010B54FF4C87000F029F852222D
:101170000549064803F051FE05480068016821F062
:101180000801016010BD00000C0F0020BC0300200E
:101190004406002010B5FFF76DFFBDE81040FFF7D3
:1011A000E1BF000010B50446FFF785F8214682B282
:1011B000BDE81040014804F0CFB90000BC03002096
:1011C00000B589B0024604A1684606F0E7FE68460D
:1011D000FFF7E8FF09B000BD41542B4F44523D25B5
:1011E000750D0A000749B1F8010010B1401EA1F8C1
:1011F0000100B1F80300002802D0401EA1F803004E
:10120000704700005E0F002003494888002801D085
:10121000401E48807047000004070020017800222B
:1012200052290AD141780B2907D10021435C491C7E
:101230001A44D2B20A29F9DB82727047F0B500284D
:101240007ED012297CD10188C1F30A0446490C8062
:10125000A4F5B67400EE104A42788378F8EEC00A1E
:10126000B0EE000AD20842EA431220EE801ADFED07
:101270003F0AC2F30A034B80C1EE201AB7EE001AF0
:10128000A3F5B6738278C578920942EA850205799A
:1012900042EA8522C2F30A028A80A2F5B672057973
:1012A00046796D0845EAC61571EEC11AC5F30A05FF
:1012B000CD8011EE904A01EE903AA5F5B675068AFA
:1012C000F8EEE11A0E814779A6F5B67621EE802A6E
:1012D0004FEA971C81F80AC04779C2EE201AC7F37B
:1012E0000117CF72CC6071EEC11A11EE903A01EE87
:1012F000902A0B61F8EEE11A21EE802AC2EE201A44
:1013000071EEC11A11EE902A01EE905A4A61F8EE80
:10131000E11A21EE802AC2EE201A71EEC11A11EEF6
:10132000902A01EE906A8A61F8EEE11A21EE800AB5
:10133000C0EE201A31EEC10A10EE102ACA6100E098
:1013400011E081F820C081F82170C2884A840289A6
:101350008A844289CA84027B81F82820427B81F8F2
:101360002920C0894885F0BDE00B00200000A5447D
:1013700000487047100C002010B52422054906488B
:1013800003F04BFD05480068016821F00801016089
:1013900010BD0000100C00202C03002024050020AC
:1013A00010B5002201230A21104600F047FE204C10
:1013B0000123002254F80E1FC8610A21184600F0CC
:1013C0003DFE216801230022C8630A21022000F0AB
:1013D00035FE216801230022C8650A21032000F0A0
:1013E0002DFE216801230022C8670A21042000F095
:1013F00025FED4F8131001230022C8610A2105201C
:1014000000F01CFED4F8131001230022C8630A2147
:10141000062000F013FED4F8261001230022C86134
:101420000A21072000F00AFED4F82610C86310BD78
:101430004900002010EE101A826830EEC11A00EE4A
:10144000902A00EE101ADFED1A1AC26030EEC00AC0
:1014500071EE610A81604368B4EEE00AF1EE10FAC1
:1014600004DD00EE103A30EE010A12E000EE102A20
:1014700000EE901A30EE600A71EEC10AB4EEE00A96
:10148000F1EE10FA01D3426806E000EE103A30EEB9
:10149000410A10EE102A426000EE902A00EE101A67
:1014A00030EE800A10EE101A016000EE101A70473C
:1014B000CDCCCC3E70B505460888164681B205EB0A
:1014C000450000EB051212481044B0F90C30827C44
:1014D0008B4205DAC91A491E8CB2611C914201D9AE
:1014E000012070BD50F80E2F1B2303EB4413012184
:1014F000D15400681C2101EB44110844006800F03D
:10150000ABFDE2B22946304600F0D4F8002070BDB1
:101510004900002010B5FFF743FF00F007F8BDE8D1
:101520001040014805F0AABB340D0020F0B58DB085
:101530004FF40077BDF81A00314C67F34F10ADF847
:101540001A0006984FF4FE61204006909DF818009E
:101550000E2520F006008DF81800BDF81E000126AB
:1015600061F34F10ADF81E0007984FF6FF7161F35D
:10157000D40007909DF81C00224940F006008DF829
:101580001C0000208DF820008DF82150CDF822108D
:10159000CDF82600CDF82A6006A8FFF73FFCBDF87D
:1015A000020040F2FC7167F34F10ADF802000098A2
:1015B0008DF80850204000909DF800008DF80950EB
:1015C00020F006008DF80000BDF8060061F34F1012
:1015D000ADF806000198204001909DF8040040F00D
:1015E00006008DF804000848CDF80A00CDF80E601A
:1015F000CDF812606846FFF711FC0DB0F0BD000099
:101600000700E0FFF00000201801002070B500EB9B
:10161000400606EB001617488AB0304400EB410143
:10162000DDE90E54B1F908100291002104910591F1
:1016300008210691110A8DF800108DF80120190A71
:101640008DF80210290A8DF804108DF80550210A32
:101650008DF806108DF803308DF80740406808AB10
:101660006A4602A9FFF7F8FB0249491E08700AB052
:1016700070BD0000490000209FED0D2A1CB520EE32
:10168000020ABDEEC00A10EE102A20EE820A61EEB8
:10169000820ABDEEC00AFDEEE00A10EE103A21EE1D
:1016A000020ABDEEC00A8DEC020AFFF7AFFF1CBDB7
:1016B00000008046F0B403889FED241A5BBA00EE68
:1016C000103A44888588F8EE400A867901EB41009B
:1016D00000EB011180EE810A1B481A27084407EB32
:1016E000421750F80E1F6DBA2DB2CE550368DFEDCC
:1016F000180A03EB421364BA9FED161A10EE101A83
:1017000000EE105A19600168142303EB4213B8EE7F
:10171000C00A19440C8020EE200A0368162404EB4A
:10172000421410EE101A2344F7EE000A1960006804
:1017300000EB42110968F0BC00EE101A042101EB25
:1017400042110844FFF776BE4900002000F8FF452B
:101750000000803800000000074B002000EB400133
:1017600001EB001119444A880AB1521E4A80401CFC
:10177000C0B20328F2D370474900002030B50400FE
:101780007DD015297BD107F0F5FA002877D0207895
:10179000A92874D16078532871D1E278A078237990
:1017A000110E40EA022040EA034041EA1341637906
:1017B000A27941EA13211143E27940EA036041EA48
:1017C0000221227A41EA0241627A41EA02615B4ADD
:1017D00032F8033F60F30A031380C30AB2F80150E2
:1017E00043EA415363F3CD05A2F80150800DD2F8CE
:1017F000013040EA812060F39833C2F801309088CC
:101800004B0863F34B00908050790B0B63F305108A
:101810008B0B63F38610CB0B63F3C7105071907979
:101820000B0C63F300009071D0884B0C63F34B00FA
:10183000D080D079090F61F30410D07160891081D4
:10184000A0895081E0899081217C907B8B0861F395
:10185000010063F38300090961F305109073B4F884
:101860001100A2F80F001088C0F30A00A0F5B670AE
:1018700000EE100AB0EE001AB8EEC00A00E05BE01D
:1018800060EE010A9FED2E0AC0EE801AF7EE000A04
:1018900071EEE01A11EE900AC2F81300B2F80100DE
:1018A000C0F3CA00A0F5B67001EE900AF8EEE11A96
:1018B00021EE812AC2EE001A71EEE01A11EE900AB2
:1018C000C2F81700D2F80100C0F38A30A0F5B67054
:1018D00001EE900AF8EEE11A21EE812AC2EE001A1A
:1018E00071EEE01A11EE900AC2F81B009088C0F366
:1018F0004A00A0F5B67001EE900AF8EEE11A21EE6A
:10190000812AC2EE001A71EEE01A11EE900AC2F8B6
:101910001F00D088C0F34A00A0F5B67001EE900A0F
:10192000F8EEE11A21EE811AC1EE001A31EEE00A5A
:1019300010EE100AC2F8230030BD00007410002021
:101940000000A544004870479E10002010B51522E5
:101950000549064803F061FA05480068016821F06E
:101960000801016010BD00009E1000209C020020B4
:1019700004040020014801F0D3BD0000C40400208D
:10198000014801F0CDBD000084050020014801F0B0
:10199000C7BD000094010020014801F0C1BD000056
:1019A00004040020014801F0BBBD0000E405002054
:1019B000014801F0B5BD000064040020014801F0B9
:1019C000AFBD0000F4010020014801F0A9BD0000F6
:1019D00044060020014801F0A3BD000024050020BA
:1019E000014801F09DBD0000A406002001681823F5
:1019F000CAB2103AB2FBF3F2054B6FF30901032AA6
:101A00009B5CC36500D9091D8165084670470000CD
:101A1000C892000810B5014600208B698A6A4FF011
:101A2000C07453B1B3F5005F15D072B1012A0CD068
:101A3000022A0AD0032A09D104E01AB1012A06D0E9
:101A4000022A03D1C96AC90100D5012010BDC96AA3
:101A5000A142FAD010BD002AF7D0012AF2D0022A02
:101A6000F3D0032AF3D010BD30B50468256825F4FF
:101A700080252560046863608368402B036803D079
:101A800099600068C26030BD9A600068C16030BD76
:101A90001CB507A3D3E90023CDE900238DF8071077
:101AA000B0F9041008236A4600F01BF91CBD0000C1
:101AB000FFFFFFFFFFFFFF0000210161C1604160E8
:101AC00001604FF0004181607047FB21FFF7E0BFEC
:101AD000DFED111A1CB560EEA10A8DED000A082396
:101AE000FCEEE00A10EE901ADFED0C0AADF80410DF
:101AF00061EE200A9FED0A1AC0EE811AFCEEE10A9F
:101B000010EE902AADF8062081886A4601F54071F2
:101B100009B200F0E6F81CBD0000C84200401C46B7
:101B20000E2D244110EE101A026930EEC11A00EE9B
:101B3000902A00EE101AF6EE001A426130EEC00A4A
:101B400071EE610A0161C368B4EEE00AF1EE10FAC9
:101B500004DD00EE103A30EE010A12E000EE102A29
:101B600000EE901A30EE600A71EEC10AB4EEE00A9F
:101B7000F1EE10FA01D3C26806E000EE103A30EE42
:101B8000410A10EE102AC26000EE902A00EE101AF0
:101B900030EE800A10EE101A416000EE101A8168D3
:101BA00000EE901A30EE200A10EE101A016000EEDE
:101BB000101A704770B514461278002362F30703B9
:101BC0006278B0F9065062F30F230A8892B2954208
:101BD00013D1B0F90420934205D10A692146373068
:101BE000FEF733FB02E0214600F08AF80448D0F803
:101BF0003F0000F031FA002070BD012070BD0000F0
:101C0000C90E002010B50C4C0A4820601020E0805E
:101C10001120A08000F012F804F11E00FFF74CFF25
:101C2000012300226421092000F008FAC4F83F00D3
:101C300010BD0000F0000020C90E002000B587B0E4
:101C40001021BDF8020061F34F10ADF802001749F2
:101C50000098084000909DF80000090C20F0060054
:101C60008DF80000BDF806000843ADF806000198A5
:101C70004FF6FF7161F3D40001909DF804000E212E
:101C800040F006008DF8040001208DF808008DF862
:101C900009100749CDF80A100021CDF80E10CDF833
:101CA00012006846FFF7BAF807B000BD0700E0FF72
:101CB000F000002008B508A104230968009181887C
:101CC0008DF80010090A8DF801106A4640F2FF7184
:101CD00000F007F808BD00000000CC00FE21FFF76F
:101CE000D7BE00B587B0009100210291CDE9031362
:101CF000006806AB6946FFF7AFF807B000BD00000B
:101D000010B502460878DFED270A0009107208783E
:101D10009FED250A00F00F005072B1F8010040BAA3
:101D200000B25081CB780C791B0143EA14139381E4
:101D30004B79097901F00F0143EA0121D18110218A
:101D400007F003F8DFED190A0C2130EE200AF3EE5C
:101D5000090A10EE100ABBEE090AC2F81200B2F925
:101D60000C0006F0F2FF10EE100A0C21C2F816006B
:101D7000B2F90E00F2EE040ABAEE040A06F0E5FF2C
:101D800010EE100A9FED0A1AC2F81A00D2F81200DB
:101D9000BDE8104000EE100ADFED060A02F11E0059
:101DA000FFF7C0BE560E4940560E49C0560EC940F8
:101DB00000000000DA0FC940012903D05FF0FD01E7
:101DC000FFF766BEFC21FBE710B5FFF737FAFFF718
:101DD000D3FA02493220C88510BD0000E00B002074
:101DE0000349C88D002801D0401EC88570470000F7
:101DF000E00B002010B5012300220A21082000F08A
:101E00001DF90149486010BD541000200348817A33
:101E1000C27A02EB0121818170470000541000203A
:101E200010B50021022000F0C1F80249002088739B
:101E300010BD00005410002010B50121022000F058
:101E4000B5F802490120887310BD0000541000202D
:101E50002DE9F041214C608800280FD120462278DE
:101E600004260127642140684FF49675062A05D29E
:101E7000DFE802F003061B26292D2770BDE8F0815C
:101E800042790AB9807938B1A0894FF6FF73984238
:101E900009D3012A05D006E0FFF7C2FF0220207017
:101EA0001AE0267018E06180E8E742790AB9807983
:101EB00008B12770F7E7032020700A206080DDE773
:101EC00000F00EF8EDE7FFF7B7FF0520E7E7022186
:101ED000002000F05BF827706580CFE754100020E9
:101EE000144810B5124901601349416000214FF4B4
:101EF00080428160C0E9031241618161C161016278
:101F000001F062FF08B100F026F90021094801F054
:101F1000A3FD08B100F01FF90021064801F0BDFD46
:101F2000002803D0BDE8104000F015B910BD000036
:101F30000058004040010020801A060010B5022120
:101F4000002000F023F8FFF761FF03484068BDE878
:101F5000104000F081B80000541000200349488868
:101F6000002801D0401E4880704700005410002017
:101F700010B5FFF73FFFFFF75FFF0221002000F0E1
:101F800005F8BDE81040FFF741BF00001CB5054A49
:101F9000CDE9002102460123A221034801F0E6FF1A
:101FA0001CBD00005E100020400100201CB5074A47
:101FB0001172064901220831CDE90012134602468A
:101FC000A221034802F0B8F81CBD00005410002004
:101FD0004001002070B51348012142789AB1012ACE
:101FE00014D10278002A11D100240F4D0170264629
:101FF00004EB440000EBC4002844017961B181790D
:10200000012904D008E041706421017070BD86711F
:10201000D0F8070000B18047641CA4B20A2CE7D3B3
:1020200070BD00009A000020E60F0020002803D0B9
:1020300041800371C0F807207047000010B500EB25
:10204000400404EBC004034820440446FFF7EEFFBD
:10205000204610BDE60F0020002803D041880180F3
:102060000121417170470000104B002000EB40013E
:1020700001EBC00119440A796AB10A8822B1521EE3
:102080001204120C0A8006D14A79012A03D10022D7
:102090004A7101228A71401C80B20A28E6D30449A1
:1020A0000878002801D0401E08707047E60F002015
:1020B0009A00002010B502780023512A3FD106294A
:1020C0003DD10022491E845C521C2344DBB28A426B
:1020D000F9DB4179994232D141788278DFED180AF3
:1020E00001EB022189B2A1F50C51283900EE101A3A
:1020F000C2780079B8EEC01A02EB002080B2A0F5D9
:102100000C5081EE200A283801EE100A0D490F48C4
:10211000F8EEC11A81EEA01ADFED0B1A81ED000A6C
:10212000C0EE210A81ED011A10EE901ADFED080AC7
:1021300040F8031F81EE200A10EE101A416010BD16
:102140000000C8C2A000002000409C45B310002041
:1021500000401C46704772B6FEE72DE9FF4100249F
:102160001F4626468DF80E4000F021F805000AD0E3
:102170006946285DA0F13002092A08D92E2806D028
:102180002D2804D008E0002004B0BDE8F0810855F7
:10219000641CE4B2052CECD30E55084606F058F842
:1021A00051EC100BFEF73AFA38602819ECE770B5DD
:1021B00015460E0009D0FEF76CF8040007D0304633
:1021C000FEF779F82844204470BD104470BD00200B
:1021D00070BD000010B558B1084C491E0BD310F863
:1021E000013B5340DBB234F8133083EA1222F4E7A8
:1021F0004FF6FF7010BD104610BD0000C8900008DB
:1022000010B5064C04E000BF10F8013B5340E25CFF
:10221000491E89B2F8D2104610BD0000C88F0008D0
:1022200010B5244C48B1012818D1D4F8F001D8B326
:1022300094F88011012915D036E0D4F8FC0070B173
:102240008047D4ED3D0A30EE200AD4ED3E0A30EE50
:10225000200A84ED3D0A00BF84ED2C0A10BD94EDE8
:102260003D0AF9E7804794F8E401012803D00228E9
:1022700007D058B110E0B5EEC00AF1EE10FA05D360
:102280000AE0B5EEC00AF1EE10FA05DDD4ED720AEF
:1022900030EE800A84ED720A94ED720AD4ED730A6E
:1022A00030EE200A84ED720A94ED720A84ED610A20
:1022B00010BD0000640800202DE9F047C94D2DED48
:1022C000088BD5F82100C17E01293AD190F83B0056
:1022D000012836D1C44CE08808B1401EE080207946
:1022E0004FF000084FF00109C0B1C04E01282CD0BA
:1022F000022826D194F8F000DFEDBD8A9FEDBD8A5B
:10230000B0EE00AADFEDBCAAB7EE00BA88B3401E5B
:1023100010F0FF0084F8F0002CD0D6E0E088002810
:102320000FD1A4F8068084F8049084F84C9084F8C7
:10233000989084F8EC9084F83C9184F87C9184F82F
:10234000C091BDEC088BBDE8F087E0880028F8D18B
:10235000B06F00EE100AB1EE400A84ED3D0AB06E97
:1023600000EE100A0220B1EE400A84ED720A2071DC
:10237000E7E7FFE7032084F8F0000020FFF750FFB5
:10238000B06FD4ED2C0A00EE100A974830EE800AA8
:10239000B43084ED2D0A06F04BFC84ED360A974FDD
:1023A00084ED170AD4ED2CBA97ED030A7BEEC00A30
:1023B000C7ED040A9FED921A80EE810A10EE100A12
:1023C000FEF719F941EC190BD5F82100B0F914000A
:1023D000FEF700F99FED8B1B53EC112BFEF713F862
:1023E0009FED8A1B53EC112BFEF713F89FED891B11
:1023F00053EC112BFEF77FF89FED881B53EC112B4C
:10240000FEF701F853EC192BFDF7FDFF41EC190B1A
:10241000B868FEF7F0F853EC192BFDF7FAFFFEF75A
:10242000FDF878617F48C7ED03BAD4ED280A00684B
:1024300000EE100A6C4820EE200AA43084ED270A32
:1024400004F0DCF884ED2B0A94ED170A764910EEBF
:10245000100A884212DA10EE100A744988420DD22E
:10246000DFED730AB5EEC00AF1EE10FA02DD30EED0
:10247000200A01E030EE600A84ED170AF06A00EEEF
:10248000100AC0EE280A9FED6B1AB0EE480A5648B3
:10249000603010EE810A97ED051A60EE0A0A80EEB0
:1024A000AA0AD4ED170A70EE810A30EE4B0A30EE1C
:1024B000C00A84ED180A06F0BBFB84ED210AD4EDB6
:1024C0002B0A30EE200A84ED040A94ED210AD4EDA3
:1024D0002B0A454830EE200A503084ED040A04F0FF
:1024E0008DF884ED160AD5F82100D0F8160000EE1C
:1024F000900A3D4830EE600A143084ED050A06F07B
:1025000097FB84ED0E0A94F8C40128B1401E10F028
:10251000FF0084F8C40145D1042084F8C4010120DF
:10252000FFF77EFE94F8E501E8B394ED610AD4ED7F
:10253000780A30EE600A00BF84ED620A3E4806F079
:1025400077FB84ED6B0A84ED500AD5F82100DFEDAE
:102550003B1AB0F9340000EE900AB06AF8EEE00AD7
:1025600080EEA11ADFED360A61EE200A01EE100AB4
:102570003148C1EE281A9FED331A443811EE818A92
:1025800028EE0A1AC1EE2A1A31EECB1AF0EE041A1E
:1025900041EE210A30EE600A84ED510A06F048FB54
:1025A00084ED5A0A00E015E09FED271AD4ED5A0A8F
:1025B00094ED0E0AF0EE411A00210120FFF75CF8BD
:1025C00055F8211F81F81B80296881F83B80A4F809
:1025D0000690B6E6B06ED4ED610A00EE100A30EE59
:1025E000800AA9E749000020640800205E0F00204F
:1025F000000034430000A0C3000020440800002075
:102600000AD7A33B00000000000074C000000000D7
:1026100000000040000000000000844000000000B6
:102620000000F03F820000203333B33E3333B3BEAB
:102630000AD7233C000070C2EC09002000A08C46A1
:10264000CDCC4C3F00007042000000000F4810B598
:10265000D0F821000C4C406AD4ED770A00EE100A45
:1026600030EEC00ADFED0A0A84ED760A20EE200A79
:1026700000F078FA9FED071AF0EE400A80EE810A2A
:1026800084ED780A10BD0000640800204900002095
:10269000DA0FC940DB0F49402DE9F041874C00219A
:1026A000A446B4F800E0042203230226BCF802701A
:1026B0009CED7B1A0125DFED820A9CED743ADCED7E
:1026C000752A804833EE602A72EEA01A806E9CED67
:1026D000780ABEF1070F0DD2DFE80EF0040E4B743E
:1026E0009FB5CE00002F05D12079022800D125808A
:1026F00064206080BDE8F0814FB994ED720ADFED8F
:10270000720A0A2030EE200A84ED720A60804FF4CB
:1027100080616E4801F090F90128EBD16C4884F893
:102720008051D0F82100416A00EE101ADFED690AED
:1027300030EE200AF1EE0C0A30EE600A84ED770AE2
:10274000406A00EE100A6448D0ED000A30EEC00A7C
:1027500084ED760A90ED010ADFED600A20EE200A92
:1027600000F000FADFED5E0A80EE201A84ED781AA0
:1027700051E0B4EEC30AF1EE10FA0DDB00EE100AE0
:1027800084ED723AB1EE400A84ED7B0A238084F82E
:10279000E55184F8E451ADE7B4EEE20AF1EE10FA47
:1027A0000DD800EE100AC4ED722AB1EE400A84ED95
:1027B0007B0A228084F8E55184F8E4619AE784F882
:1027C000E41197E702EE900A71EE200AF1EE622A18
:1027D000F4EEE02AF1EE10FA09DD00EE100A84F8BA
:1027E000E5110520B1EE400A84ED720A29E0B4EE4D
:1027F000C20AF1EE10FACED2B4EEE10AF1EE10FA0E
:10280000C9DD00EE100A84F8E41184F8E511B1EE98
:10281000400A84ED720A26806CE702EE900A71EE9F
:10282000600AF1EE622AF4EEE02AF1EE10FADED24E
:1028300000EE100A84F8E5110620B1EE400A84ED9E
:10284000720A208056E7B4EEC20AF1EE10FA04D202
:10285000B4EEE10AF1EE10FA1EDC00EE100AB1EE61
:10286000400AB4EEC10AF1EE10FA94D284F8E451B1
:1028700084F8E55123803DE7DFED1A0A73EE601A14
:10288000B4EEE10AF1EE10FA09D272EEA00AB4EE4B
:10289000E00AF1EE10FA02DD84F8E411BBE700EE85
:1028A000100AB1EE400AB4EEC10AF1EE10FA85DD6D
:1028B00084F8E46184F8E55122801BE76408002075
:1028C0006F12833A5E0F00206F1283BA0004024039
:1028D000490000200000074308000020DA0FC9402B
:1028E000DB0F49400AD7233C70B55E4C00202DED2C
:1028F000068B208060802071E0809FED5B8A5B48C2
:1029000084ED048AD0F82100D0F8160000EE900A79
:102910009FED570A04F1500003F083FE04F1140008
:10292000054604F0ABF9F7EE082A9FED522AF1EEC6
:10293000041AB0EE481A9FED509AB0EE000A2846ED
:10294000F0EE490A04F0B6F904F1600084ED178A4C
:10295000054604F093F9DFED492A9FED492AF7EE89
:10296000001ADFED488AF0EE480AB1EE0E0AB0EE2A
:10297000681A284604F09EF904F1B40084ED2C8A0C
:10298000054604F07BF9F7EE002A9FED3F2AF0EEB2
:10299000681AB0EE481AF0EE480A9FED3C0A284645
:1029A00004F088F904F5827084ED408A054604F04D
:1029B00065F9DFED389AF7EE082A9FED352AF2EE39
:1029C000081AB0EE481AF0EE690AB0EE680A284616
:1029D00004F070F904F5A27084ED508A054604F005
:1029E0004DF9DFED2D8A9FED2DAAF0EE041AF0EEE1
:1029F000682AB0EE4A2AB0EE481AF0EE690AB1EE43
:102A0000000A284604F056F904F5C47084ED618A82
:102A1000054604F033F9F0EE682AB0EE4A2ADFEDFD
:102A2000201AB0EE481AF0EE480AB2EE020A284622
:102A300004F040F99FED1B0AF0EE480A84ED740A99
:102A40009FED190A04F1A40084ED750A9FED170AA1
:102A500084ED280AB0EE490ABDEC068BBDE8704053
:102A600003F0DFBD640800200000000049000020E2
:102A70005C8FC23E9C53C936CDCC4C3EA4707D3F8A
:102A8000ACC5A736CDCCCC3DACC527376666664015
:102A900082A87B380AD7233C48E17A3F17B7D13860
:102AA0008FC2F53C9CE4C93DC119E1BD348037BA01
:102AB00004489FED051AD0F81E0000EE900A80EE43
:102AC000810A7047741000200000E14305489FED23
:102AD000061AB0F90D0000EE100AF8EEC00A80EEFA
:102AE000810A70477410002000606A461A484189C4
:102AF000002925D1037A0122F3B11849012BD1F81D
:102B000021101ED0022B1BD1CB695B79012B17D171
:102B1000C96B4979012913D111498B6F00EE103A25
:102B2000B1EE400A80ED3D0A896E00EE101AB1EE5A
:102B3000400A80ED720A02E00179022900D1027296
:102B40007047CA6952791AB1C96B49790029F7D11E
:102B50000221017270470000640800204900002033
:102B60005E0F00209FED041AC0EE010AB2EE080AC3
:102B700020EE800A04F066BAD5316243044A20B1DF
:102B8000012801D1C2F8F0117047C2F8FC1070475B
:102B90006408002010B5084C94F88001012803D186
:102BA000FFF754FD84ED780AFFF7A0FFFFF774FDEF
:102BB000BDE81040FFF780BB640800200549488845
:102BC00008B1401E48804889002801D0401E488135
:102BD000704700006408002004489FED051AD0F8F3
:102BE000220000EE900A80EE810A704774100020E7
:102BF0000080094405489FED061AB0F90B0000EE6D
:102C0000100AF8EEC00A80EE810A704774100020A6
:102C10000008C34690F82020012A07D0022A05D0D8
:102C2000416A41F480214162012070470068426995
:102C30000A43426100207047F0B590F820500468C4
:102C4000A468012D05D0022D03D0416A41F48021F2
:102C500057E014F0406F01D1E5004FD5C4F3016493
:102C60000125A5401D608D684FF4C0739DB1CE68ED
:102C700035434E6845EAC605066803EB0417F5516F
:102C80004FF4C275076805EB04150E697E51097D86
:102C9000012905D009E00E88CD6845EA4655EBE7E5
:102CA00001684E5946F480764E511179D57956799E
:102CB00041EA056195792D0445EA062529434FF43B
:102CC000C676056806EB0416A9511178D57841EA55
:102CD0000561957852782D0445EA022211434FF49C
:102CE000C475026805EB04155151006803EB04112B
:102CF000425842F0010242500020F0BD416A41F4C6
:102D0000001141620120F0BD10B590F82020012A89
:102D100007D0022A05D0416A41F480214162012096
:102D200010BD3B48D0F8002242F00102C0F800225A
:102D3000D0F8002222F47C52C0F80022D0F8002201
:102D40004B6A42EA0322C0F800220A7D02F01F0308
:102D500001229A40D0F81C329343C0F81C32CB6950
:102D6000B3B9D0F80C329343C0F80C328C894B685D
:102D700064F31F434C6900EBC404C4F840320C896F
:102D80000B6864F31F434C6900EBC404C4F844327D
:102D9000CB69012B16D1D0F80C321343C0F80C329A
:102DA0000C884B6864F31F434C6900EBC404C4F8FF
:102DB00040320C89CB6864F31F434C6900EBC404B8
:102DC000C4F844328B69002BD0F804320ED0134380
:102DD000C0F804320B69002BD0F8143208D013432A
:102DE000C0F81432096A012904D008E09343EFE7E0
:102DF0009343F5E7D0F81C121143C0F81C12D0F829
:102E0000001221F00101C0F80012002010BD0000E6
:102E100000640040704770B590F82040012C05D048
:102E2000022C03D0416A41F4802128E0046809B3F0
:102E30002469A40720D04FF4D874056804EB01146A
:102E40002D5915F00405956005682D591AD0ED0827
:102E5000556005682C5904F00204D4604FF4DA740C
:102E6000056804EB01142E5906F00F06082E0CD34A
:102E700008250DE0E468DCE7416A41F40011416295
:102E8000012070BD6D0D1560E3E72D5905F00F05AC
:102E9000156105682D59C5F30725956105682C59FD
:102EA000240C54614FF4DC72046802EB0112A45844
:102EB0001C700468A458240A5C700468A458240C8C
:102EC0009C700468A258120EDA704FF4DE72046827
:102ED00002EB0112A4581C710468A458240A5C7106
:102EE0000468A458240C9C710468A258120EDA716C
:102EF000006829B1016941F020010161002070BD25
:102F0000C16841F02001C160F8E70246002092F854
:102F10002010012901D002290CD111688A685201C0
:102F200000D501208A68120100D5401C8968C900BB
:102F300000D5401C70472DE9F05F0546006800246D
:102F40004669D0F804908768D0F80CB0D0F810A08B
:102F5000D0F81880F10748D0F90714D0012181601A
:102F6000B80703D5284600F074FA0CE0780702D5BC
:102F70004FF4006407E0380702D54FF4805402E0B4
:102F8000284600F065FAF80516D529684FF48070D8
:102F90008860B80503D5284600F05DFA0CE0780596
:102FA00002D544F4005407E0380502D544F48044C7
:102FB00002E0284600F04EFAF80316D529684FF4CF
:102FC00080308860B80303D5284600F046FA0CE04C
:102FD000780302D544F4004407E0380302D544F4F2
:102FE000803402E0284600F037FA300707D55FEA60
:102FF000CB6004D52968102044F40074C8607007C1
:103000004FF0080707D55FEA0B7004D52868C76042
:10301000284600F099F9B00706D52868C0688007EF
:1030200002D0284600F092F9700607D55FEACA6020
:1030300004D52968102044F480640861B00607D5DF
:103040005FEA0A7004D528680761284600F0AAF9EB
:10305000F00606D528680069800702D0284600F0EF
:10306000A3F9B00308D55FEAC96005D52968102027
:103070004860284600F0BEF9F00307D55FEA097002
:1030800004D528684760284600F0E8F9300446D5A2
:103090005FEA497040D5F00504D55FEAC87001D0F9
:1030A00044F00104B00504D55FEA887001D544F00E
:1030B0000204700504D55FEA487001D544F00404A9
:1030C000300529D518F0700F26D008F07000402880
:1030D00015D006DC102809D020280AD0302816D1B7
:1030E0000AE050280ED0602811D10EE044F0080408
:1030F0000DE044F010040AE044F0200407E044F03E
:10310000400404E044F0800401E044F48074286842
:10311000816921F070018161296804204860002CD8
:1031200005D0686A204368622846FFF773FEBDE851
:10313000F09F70B5040003D094F8200010B104E0B3
:10314000012070BD204600F081F82068016841F040
:103150000101016000F07AFC0546052604E000F05C
:1031600075FC401B0A2811D820684068C007F6D0BB
:103170002068016821F00201016000F067FC05464B
:103180000BE000F063FC401B0A2806D9606A40F49B
:103190000030606284F82060D2E7206840688007D1
:1031A000EFD4207E0128206801683DD021F0800105
:1031B0000160607E01282068016838D021F040015C
:1031C0000160A07E01282068016833D021F0200131
:1031D0000160E07E0128206801682ED041F01001D6
:1031E0000160207F01282068016829D021F00801B2
:1031F0000160607F01282068016824D021F004016B
:103200000160D4E902010843D4E9041211430843E0
:103210006168491E08432168C8610020606201207E
:1032200084F82000002070BD41F08001C0E741F02B
:103230004001C5E741F02001CAE721F01001CFE7C6
:1032400041F00801D4E741F00401D9E7F0B587B0B7
:10325000044614216846FDF711F8364B3648DFF86E
:10326000D0E01968D4F800C0334A032502260927A4
:1032700010300024491CF44522D11960012907D1DE
:10328000016841F000710160006800F00070059075
:10329000106840F0080010601068CDE9005600F09A
:1032A0000800CDE9047069462448CDE9024500F0E4
:1032B000A9FA00221146142001F0FCF8142033E092
:1032C000DFF87CE0F44531D1D0F800C04CF0806CE0
:1032D000C0F800C0D0F800C001290CF0806CCDF817
:1032E00014C0196007D1016841F0007101600068E5
:1032F00000F000700590106840F002001060106847
:1033000002AB00F0020005904FF44050CDE90006FA
:1033100083E8B00069460B4800F074FA00221146B9
:10332000412001F0C7F8412001F0B6F807B0F0BD28
:10333000006400400000002030380240000C0240D1
:1033400000680040000402407047000000B51149C9
:1033500087B088421BD1104B6A460021FFF75BFD06
:1033600008B1FEF7F8FE0C4A69460020FEF7A2F805
:10337000094A69460120FEF79DF8074A6946074851
:10338000FEF718FC044A69460548FDF797FD07B0AB
:1033900000BD0000F0000020BC000020C90E00208D
:1033A000890000207047000000B50E4987B08842B0
:1033B00016D10D4B6A460121FFF72DFD08B1FEF72E
:1033C000CAFE094A69460948FDF7D9FD064A694619
:1033D0000220FEF76FF8044A6946054804F0CCF96C
:1033E00007B000BD18010020C4000020930E00208B
:1033F000641000207047000070B5044690F820006B
:10340000012804D0606A40F40020606218E00220C5
:1034100084F820002068016821F00101016000F0BB
:1034200015FB05460EE000BF00F010FB401B0A280C
:1034300008D9606A40F400306062052084F82000FA
:10344000012070BD20684068C007EDD1606270BD8A
:1034500070477047704770477047704770472DE955
:10346000F0410446876D00F0F1FA064694F8350005
:103470000025022806D08020606584F834500120A1
:10348000BDE8F0812068016821F016010160206824
:10349000416921F080014161206C08B9A06C20B124
:1034A0002068016821F0080101602068016821F0AE
:1034B000010101600CE000F0C9FA801B052807D962
:1034C00020206065032084F8350084F83450D7E765
:1034D00020680068C007EED194F85C103F20884057
:1034E000B860012084F8350084F834500020C7E724
:1034F00090F83510022903D08021416501207047E2
:10350000052180F835100068016821F00101016093
:1035100000207047406D704790F8350070470000FC
:103520002DE9F84304464FF00009CDF800906348B8
:103530004FF41651A56D0068B0FBF1F72E6894F8B2
:103540005C10082000FA01F131420FD021680A68AE
:1035500052070BD50A6822F004020A6094F85C1046
:103560008840A860606D40F00100606594F85C10D0
:103570004FF0010808FA01F0304208D0216849698B
:10358000090604D5A860606D40F00200606594F8FB
:103590005C1004208840304208D0216809688907FF
:1035A00004D5A860606D40F00400606594F85C107C
:1035B00010208840304218D021680968090714D5C6
:1035C000A86020680168490304D50068000308D595
:1035D000A16C07E00168C90503D4016821F0080166
:1035E0000160216C09B12046884794F85C102020C6
:1035F0008840304231D021680968C9062DD5A860BD
:1036000094F8350005282068016806D0490347D59D
:10361000006800031DD4616C1CE021F016010160FC
:103620002068416921F080014161206C08B9A06CDB
:1036300020B12068016821F00801016094F85C1055
:103640003F208840A86084F8358084F83490216D4C
:103650001FE0E16B09B120468847606D00282BD040
:10366000606DC00714D0052084F83500206801681B
:1036700021F0010101600098401C0090B84203D87D
:1036800020680068C007F6D184F8358084F834904B
:10369000E16C002910D001B02046BDE8F043084796
:1036A0000168C905D5D4016821F01001016084F8D2
:1036B000358084F83490CCE7BDE8F883E80000203A
:1036C0002DE9F041044600F0C1F906465CB1022044
:1036D00084F83500002584F834502068016821F012
:1036E000010101600DE00120BDE8F08100F0AEF9BC
:1036F000801B052805D920206065032084F835004B
:10370000F2E720680068C007F0D1226811682048FD
:103710000140D4E901031843D4E903363343184385
:1037200063691843A3691843E3691843236A18437C
:103730000843616A042903D1D4E90B1319430843F0
:10374000106020684069666A20F0070130460E4329
:10375000012704280CD1A06A0643E06A40B1204644
:10376000FEF758F920B14020606584F83570BAE75B
:10377000206846612046FEF739F994F85C203F2125
:1037800091408160656584F835700020ACE70000E9
:103790003F8010F02DE9F0410446866D90F834002A
:1037A000002501280DD0012084F8340094F83570EC
:1037B0000020012F07D084F8340002252846BDE8F8
:1037C000F0810220FBE7022784F83570606520460F
:1037D000FEF74AF994F85C103F208840B0602068FA
:1037E000016841F016010160206C20B12068016879
:1037F00041F0080101602068016841F001010160A9
:10380000DCE700002DE9F84FDFF8F8A100220124E1
:1038100003254FF00F090AF1040BAAF1040E00BFB3
:103820000B6804FA02F63340B34270D10F7907F007
:103830000307012F01D0022F16D187684FEA4208F3
:1038400005FA08FC27EA0C07D1F80CC00CFA08FCB2
:103850004CEA070CC0F808C04768B7430E79C6F3B6
:10386000001696403E4346600E79F643B6070AD0EE
:10387000C7684FEA420C05FA0CF6B7438E6806FAA1
:103880000CF63E43C6600E7906F00306022E10D1F8
:10389000D60800EB8608D8F8206057074FEAD76CA7
:1038A00009FA0CF7BE430F6907FA0CF73743C8F85B
:1038B000207006684FEA420C05FA0CF7BE430F79F8
:1038C00007F0030707FA0CF7374307604E6816F452
:1038D000403F1CD04C4E376847F48047376036680D
:1038E00022F0030706F480460096484E07EB060CCC
:1038F000DCF8086897073F0F09FA07F826EA080678
:10390000DFF80C81404503D14FF0000841E072E040
:10391000DFF80081404502D14FF0010839E0DFF8BF
:10392000F880404502D14FF0020832E0DFF8EC8029
:10393000404502D14FF003082BE0DFF8E48040451A
:1039400002D14FF0040824E0DFF8D880404502D1CE
:103950004FF005081DE0DFF8D080404502D14FF060
:10396000060816E0DFF8C480404502D14FF0070892
:103970000FE0DFF8BC80404502D14FF0080808E0B6
:10398000DFF8B080404502D14FF0090801E04FF068
:103990000A0808FA07F848EA0608CCF80888DAF8AE
:1039A00000605746D1F804C09E435FEACC2C00D596
:1039B0001E433E60DBF800605F46D1F804C09E43C2
:1039C0005FEA8C2C00D51E433E60DEF8006077462F
:1039D000D1F804C09E435FEA8C3C00D51E433E6094
:1039E000084F083F3E68D1F804C09E435FEACC3CD4
:1039F00000D51E433E60521C102AFFF411AFBDE8F3
:103A0000F88F0000083C014044380240003001407B
:103A1000000002400004024000080240000C024086
:103A2000001002400014024000180240001C024036
:103A300000200240002402400069084000D001201C
:103A400070470AB1816170470904FBE7014880684B
:103A500070470000DC00002090F83D20202A01D0B3
:103A600002207047242280F83D200268136823F06A
:103A7000010313600268536A23F010035362026863
:103A8000536A0B43536201680A6842F001020A60FC
:103A9000202180F83D100020704790F83D20202A1A
:103AA00001D002207047242280F83D20026813686C
:103AB00023F00103136003685A6A22F00F020A43DD
:103AC00091B2596201680A6842F001020A6020213D
:103AD00080F83D1000207047704770472DE9F04195
:103AE000016804464A694E6890F83E000025D743B5
:103AF000FA0506D4F243D20503D46FF4807201258F
:103B00004A61B90508D4F143C90505D422686FF4A8
:103B1000007145F002055161790525D4F143C905CD
:103B200022D4638D94F83D10226B202808D13BB934
:103B3000212910D029290ED0282901D1212A0AD0E3
:103B400022686FF48061516145F00405102806D0A9
:103B5000402804D008E0204602F0BEFA04E02068C5
:103B6000016841F400710160380508D4F043C005D4
:103B700005D421686FF4006045F008054861002D08
:103B800007D0206C284320642046BDE8F04101F0B6
:103B90003FBEBDE8F0812DE9F0470268002153687F
:103BA000C66A90F83E4090F83D50102C12D0402C40
:103BB00010D0046C002C7DD05469E443A6077AD45D
:103BC000DE43B60577D4036C03B19169BDE8F047D5
:103BD00002F05EBA976951694FF42A0CC9435FEA53
:103BE000C1784FF02A4904D066452AD04E4528D0E6
:103BF00010E0DE43B6050DD4C16A614501D1012153
:103C000003E0C16A494501D10821C162BDE8F0471E
:103C100002F0D2B80E0716D4DE43B60513D4416CB9
:103C2000C9B21161416B09B1C96B29B9816B002916
:103C300007D0C96B002904D00068416841F40061D5
:103C40004160BDE8F0878E0706D4DE43B60503D495
:103C5000BDE8F04702F024B8FE43526876074FEA09
:103C600002521DD4002AECDB0A0608D4DA435205BE
:103C700005D4490705D5BDE8F04701F0B5BF4907B0
:103C8000DFD4D9438905DCD4212D05D0402CD8D1EF
:103C9000BDE8F04702F0D6B8BDE8F04701F062BFDA
:103CA000002ACEDB4A060BD4DA43520508D4490772
:103CB00008D501E00DE00EE0BDE8F04701F0D8BE08
:103CC0004907BED4D9438905BBD4BDE8F04701F00C
:103CD00062BE916970E7E10606D4D943890503D431
:103CE000BDE8F04702F040BA2821212D27D0292D28
:103CF00025D0650655D4DD436D0552D4640752D5F1
:103D000090F83D30448D002C9BD01269446A22709B
:103D1000426A521C4262428D521E4285428D002AE6
:103D20008FD12A2B8DD10268536823F480635360AE
:103D30002222026380F83D1000F052FB81E7250645
:103D400023D4DD436D0520D4640720D590F83D30A1
:103D5000448D002CF2D0446A24781461426A521CCB
:103D60004262428D521E4285428D002AE6D1292BA5
:103D7000E4D10268536823F4806353602122026314
:103D800080F83D1000F02DFB5BE76107D6D4D943E6
:103D90008905D3D4418D0029D0D0416A09781161B9
:103DA0000AE06107CAD4D9438905C7D4418D0029E7
:103DB000C4D01169426A1170416A491C4162418D47
:103DC000491E41853DE7704770B5040025D094F841
:103DD0003D00002520B984F83C50204600F076FADA
:103DE000242084F83D002068016821F00101016071
:103DF0002068016841F4004101602068016821F4F5
:103E00000041016000F05AFC4D4A6168914201D8BE
:103E10004C4900E04C49884201D2012070BD4B4919
:103E20002368B0FBF1F15E6826F03F060E435E604A
:103E30006368934206D94FF4967359434FF47A73EB
:103E4000B1FBF3F12368491C1E6A26F03F0631439B
:103E500019626168914210D84900401EB0FBF1F22E
:103E6000521CC2F30B02042A01D2042022E0B0FB50
:103E7000F1F0401CC0F30B001CE0A268F2B301EBB0
:103E8000C10303EB0116431EB3FBF6F35B1C43F4C3
:103E900080431B0549D092B301EBC10202EB011133
:103EA000401EB0FBF1F0401CC0F30B0040F480401A
:103EB00040F400402168CA694CF6FF739A431043EE
:103EC000C861D4E9071001432068026822F0C002EB
:103ED00011430160D4E9030101432068826848F27C
:103EE000FF339A4311438160D4E9050108432168F7
:103EF000CA6822F0FF021043C86001E00EE016E03D
:103F00002068016841F0010101602564202084F8E7
:103F10003D00256384F83E50002070BD01EB410652
:103F2000431EB3FBF6F35B1CB3E70120C2E701EBD2
:103F30004101401EB0FBF1F0401CC0F30B00B7E79D
:103F4000A086010080841E0000093D0040420F0051
:103F500070477047704700000249884201D1FDF761
:103F6000EDBF704740010020704700002DE9FC5F65
:103F7000994692468B460446DDF83080FFF766FD91
:103F800000250646009594F83D00202828D1664873
:103F900046F2A81120270068B0FBF1F000EBC00149
:103FA00001EB001000900098401E009010D0206897
:103FB0008069C0438007F6D594F83C0001280FD0F3
:103FC000012084F83C0020680168C9070BD00EE08E
:103FD00044F8305F6773A573206940F020002061CA
:103FE0000220BDE8FC9F016841F0010101602068EA
:103FF000016821F400610160222084F83D00402026
:1040000084F83E002564C4F824800D986085608D96
:1040100020854648E062C4F844B0C4F848A0C4F81B
:104020004C902565208D4FF02308002863D0A06BAD
:1040300000B33F49C163A16B3E48C864A06B0564EF
:10404000A06B4564A06B8564A06B05652168238D1A
:104050001031626AA06BFFF79DFBA0B184F83D7040
:1040600084F83E5054F8400F40F0100044F8040922
:10407000257049E084F83D7084F83E5054F8400FB4
:1040800040F08000F2E7CDE900864B4652465946A3
:10409000204601F02BFF88B1A06BFFF729FAA06B37
:1040A000C5632068016821F480610160258565850C
:1040B0002068016821F00101016025E0208D0128C0
:1040C000206813D0416841F4805141602068416903
:1040D0008169009184F83C50416841F480714160ED
:1040E0002068416841F4006141601BE0016821F4EF
:1040F00080610160EAE7CDE900864B4652465946A9
:10410000204601F0F3FE08B101206AE7206841690A
:1041100081690091016841F40071016084F83D708B
:1041200084F83C5000205CE7E80000200000FFFF1E
:10413000ED560008AD5600082DE9FC5F00259846B5
:1041400091468A460446DDF830B00095FFF77EFCC4
:10415000074694F83D00202828D1584846F2A81177
:1041600020260068B0FBF1F000EBC00101EB00106D
:1041700000900098401E009010D020688069C043D5
:104180008007F6D594F83C0001280FD0012084F870
:104190003C0020680168C9070BD00EE044F8305F8E
:1041A0006673A573206940F0200020610220BDE8FD
:1041B000FC9F016841F0010101602068016821F461
:1041C00000610160212084F83D00402084F83E0019
:1041D0002564C4F824B00D986085608D208538482A
:1041E000E062C4F844A0C4F84890C4F84C80256547
:1041F000208D002859D0606B08B33249C163616BD0
:104200003148C864606B0564606B4564606B8564AD
:10421000606B05652268238D1032616A606BFFF761
:10422000B9FAA8B184F83D6084F83E5054F8400FC4
:1042300040F0100044F8040925700120B7E784F825
:104240003D6084F83E5054F8400F40F08000F1E7A4
:104250002320CDE9000743464A465146204601F057
:10426000C3FE88B1606BFFF743F9606BC5632068DC
:10427000016821F4806101602585658520680168F9
:1042800021F001010160D8E720684169816900914E
:1042900084F83C50416841F4807141602068416875
:1042A00041F400614160002081E784F83D6084F8BA
:1042B0003E5054F8400F40F04000BBE7E8000020BB
:1042C0000000FFFFED560008AD5600082DE9F0474D
:1042D00086B0064614216846FBF7D0FF3B4930689C
:1042E00088426FD13A480024016841F02001016002
:1042F0000068012500F020004FF004090095CDE989
:1043000004904FF003081227CDF80C80DFF8C4A00A
:10431000CDE9017469465046FFF774FA0220CDE9F1
:10432000000702AA694682E820035046FFF76AFAAE
:1043300027481030016841F4800101600068274D72
:1043400000F480000590244828604FF06067C5E9BC
:1043500001744FF48068C5E903486C61AC61EC619D
:104360002C6228466C62FFF7ABF908B1FDF7F3FE4B
:10437000B563AE63194D184860357830E5E802073B
:104380004020A5E81101154845F814496030AC619A
:10439000EC612C626C62FFF793F908B1FDF7DBFE6C
:1043A0007563002211462120AE6300F083F82120BE
:1043B00000F072F800221146222000F07BF8222043
:1043C00000F06AF806B0BDE8F08700000058004031
:1043D0003038024000140240406002409401002046
:1043E00070477047024881680278114481607047C5
:1043F000DC0000200B4810B5016841F40071016039
:10440000016841F480610160016841F480710160DC
:10441000032000F06FF80F2000F006F800F024F8F9
:10442000002010BD003C024070B50D4D04464FF415
:104430007A712878B1FBF0F00A490968B1FBF0F015
:1044400000F044FB48B9102C07D200222146501E30
:1044500000F030F800206C6070BD012070BD0000DD
:10446000DC000020E80000200A4808B5016841F49B
:1044700080410160006800F4804000900548001F02
:10448000016841F080510160006800F080500090A8
:1044900008BD000044380240002809DB00F01F027C
:1044A000012191404009800000F1E020C0F8001196
:1044B00070470000F0B40E4B1B680C46C3F3022398
:1044C000C3F10705042D00D90425191D072901D2C0
:1044D000002300E0DB1E012606FA05F1491E2140FB
:1044E00099409E40761E16403143F0BC03F07DBDDE
:1044F0000CED00E0064900F0070208684FF6FF03E4
:10450000184040EA0220034A104308607047000048
:104510000CED00E00000FA052DE9F84317480168AA
:1045200041F0805101600068154F00F08050012675
:1045300000903E64FFF78AFA05464FF47A78114CF2
:1045400005E000BFFFF782FA401B40450DD86068C8
:10455000C003F7D57E64FFF779FA0546464607E0C3
:10456000FFF774FA401BB04202D90320BDE8F8837C
:1045700060688003F4D50020F8E70000403802406E
:1045800000000E42007000402DE9F0470E46050085
:1045900065D0DFF81481D8F80000F7B200F00F0002
:1045A000B04207D288F80070D8F8000000F00F0081
:1045B000B04254D128683D4C810712D5400703D53D
:1045C000206840F4E05020602878000703D5206878
:1045D00040F4604020602068A96820F0F0000843A3
:1045E00020602878C0072DD0304968680839012834
:1045F00012D0022813D0032811D009688907002996
:104600002DDA216821F0030101432160FFF71EFA32
:10461000814641F2883A0EE009688903EFE70968AC
:104620008901ECE7FFF712FAA0EB0901514502D925
:104630000320BDE8F0872068696800F00C00B0EB4B
:10464000810FEFD1D8F80010404601F00F01B142C0
:1046500007D90770006800F00F00B04201D00120B8
:10466000E7E72878400705D52068E96820F4E0509E
:10467000084320602878000706D52068296920F4BF
:10468000604040EAC100206000F038F82168084A24
:10469000C1F30311515CC840064908600648006830
:1046A000FFF7C2FE0020C4E7003C02400838024089
:1046B000D0920008E8000020E000002004480549EE
:1046C00000680968044AC1F38221515CC840704700
:1046D000E800002008380240E0920008044805493C
:1046E00000680968044AC1F34231515CC840704710
:1046F000E800002008380240E0920008154810B594
:10470000006810F00C02144813D01449042A0FD08A
:10471000082A0ED10F4C241F2268236802F03F02A2
:104720005B0207D52068C0F38810A0FB010106E0FA
:10473000084610BD2168C1F38811A1FB00010023C8
:10474000FBF752FD2168C1F30141491C4900B0FB50
:10475000F1F010BD083802400024F400001BB7003F
:104760002DE9F84F04006ED02078DFF84C93C00795
:10477000A9F104054AD009F104000168C1F38101DF
:10478000012908D00068C0F3810002280AD1D9F8B5
:104790000000400206D52868800337D560680028ED
:1047A000E1D033E06068B0F5803F10D0B0F5A02FC5
:1047B000286810D020F480302860286820F48020F9
:1047C00028606068A8B1FFF741F906460DE0286847
:1047D00040F48030F4E740F480202860F7E700BF21
:1047E000FFF734F9801B642873D828688003F7D555
:1047F0000CE0FFF72BF9064605E000BFFFF726F9AE
:10480000801B6428F0D828688003F7D42078DFF86C
:10481000AC8280074FF0000A3ED5A748001D016812
:1048200011F00C0F08D00068C0F3810002280BD1F2
:10483000D9F80000400207D42868800716D5E06840
:10484000012800D112E033E1E068B8B10120C8F8D6
:104850000000FFF7FBF8064605E000BFFFF7F6F89B
:10486000801B0228C0D828688007F7D528682169EE
:1048700020F0F80040EAC10028600DE0C8F800A070
:10488000FFF7E4F8064604E0FFF7E0F8801B022893
:104890001FD828688007F7D42078000722D5864FD4
:1048A00087486169703771B101210160FFF7CEF867
:1048B000064604E0FFF7CAF8801B022809D83868CA
:1048C0008007F7D50EE0C0F800A0FFF7BFF8064656
:1048D00005E082E0FFF7BAF8801B02287DD838682F
:1048E0008007F7D42078400768D5DFF8CCB10027DF
:1048F0000BF13C0BDBF80000C0000BD4DBF8001020
:1049000041F08051CBF80010DBF80000012700F0E7
:10491000805000906B4E3068C00510D4306840F471
:1049200080703060FFF792F8009005E0FFF78EF896
:104930000099401A022850D83068C005F6D55E4E5E
:10494000A0686C3601280FD00528306810D020F000
:1049500001003060306820F004003060A068B8B119
:10496000FFF774F800900FE0306840F00100F4E7C2
:1049700040F004003060F7E7FFF768F80099411A4B
:1049800041F28830814266D830688007F4D50EE065
:10499000FFF75CF8009007E0FFF758F80099411A1C
:1049A00041F28830814256D830688007F4D42FB164
:1049B000DBF8001021F08051CBF80010A069C8B3DB
:1049C0003D49091D0968C1F3810102294AD0022825
:1049D000504607D0C8F8600000E03CE0FFF736F82A
:1049E00004463BE04746C8F86000FFF72FF806464C
:1049F00005E000BFFFF72AF8801B02282BD82868A3
:104A00008001F7D4D4E907010843A16A2E4A490876
:104A100002EB0141626A41EA8211084394F82C10CA
:104A200040EA0161C9F8001001203866FFF70EF86E
:104A3000044606E03EE000BFFFF708F8001B02282E
:104A400009D828688001F7D534E000BFFEF7FEFFE3
:104A5000001B022802D90320BDE8F88F28688001D6
:104A6000F4D427E00128F7D0D9F80000E26900F477
:104A7000800191421CD1226A00F03F01914217D17E
:104A800047F6C071626A0140B1EB821F10D1A26A81
:104A90004FF0FF3300F4403103EB5202B1EB024F11
:104AA00006D194F82C1000F07060B0EB016F01D0CB
:104AB0000120D1E70020CFE7043802400000474240
:104AC000800E4742007000400000FFFF10B5401EFE
:104AD000B0F1807F01D3012010BD4FF0E024606170
:104AE0000F21601703F081FA0020A06107202061E8
:104AF000002010BD7047704770B590F83C20012A27
:104B000032D0012480F83C40022280F83D20036826
:104B10005A689D6822F070060A6832435A60134B47
:104B200002689A4214D0B2F1804F11D0104B9A42D1
:104B30000ED0104B9A420BD00F4B9A4208D00F4B1D
:104B40009A4205D00E4B9A4202D00E4B9A4204D1A3
:104B5000496825F080031943916080F83D400021A9
:104B600080F83C10084670BD022070BD0000014076
:104B70000004004000080040000C00400004014018
:104B8000004001400018004010B5040003D094F824
:104B90003D0010B107E0012010BD002084F83C006A
:104BA000204600F01FF8022084F83D00211D2068F7
:104BB00002F09CFE012084F8460084F83E0084F850
:104BC0003F0084F8400084F8410084F8420084F8F3
:104BD000430084F8440084F8450084F83D00002038
:104BE00010BD000008B500680B49884212D10B487F
:104BF000016841F0200101600068002200F02000FF
:104C0000009011463720FFF755FCBDE808403720DB
:104C1000FFF742BC08BD00000014004040380240CD
:104C200090F83D10012901D001207047022180F841
:104C30003D100168CA6842F00102CA60006811496B
:104C4000884214D0B0F1804F11D00F4988420ED065
:104C50000E4988420BD00E49884208D00D4988423F
:104C600005D00D49884202D00C49884204D18168A0
:104C700001F00701062903D0016841F0010101603C
:104C80000020704700000140000400400008004080
:104C9000000C0040000401400040014000180040AA
:104CA00070472DE9F04104460068C66805694FF079
:104CB0000007A90713D5B10711D5F91E016101201D
:104CC0002077206880698007204602D0FFF7E8FF40
:104CD00004E000F07EF8204600F07CF827776807B3
:104CE00016D5700714D521686FF004000861022002
:104CF00020772068806910F4407F204602D0FFF7BB
:104D0000CFFF04E000F065F8204600F063F8277755
:104D1000280715D5300713D521686FF00800086102
:104D2000042020772068C0698007204602D0FFF762
:104D3000B7FF04E000F04DF8204600F04BF827776D
:104D4000E80616D5F00614D521686FF0100008614A
:104D5000082020772068C06910F4407F204602D0E8
:104D6000FFF79EFF04E000F034F8204600F032F830
:104D70002777E80708D0F00706D021686FF0010018
:104D80000861204600F028F8280608D5300606D528
:104D900021686FF0800008612046FFF7ABFE6806CF
:104DA00008D5700606D521686FF0400008612046DE
:104DB00000F032F8A8060AD5B00608D521686FF0D1
:104DC000200008612046BDE8F041FFF794BEBDE831
:104DD000F0817047704700000E4910B5884217D126
:104DE00002F024F9FCF7FCFFFCF7B6FCFCF70CFA28
:104DF000FDF7E4FE02F0AEFC01F036FCFCF7F2F940
:104E0000FDF732F9FDF7AAF8BDE8104003F016B837
:104E100010BD000054020020704738B5044690F8D9
:104E20004200202801D0022038BD61B15AB10120D2
:104E3000206300206063204602F092FF0028F3D137
:104E4000216B012901D0012038BD21680A68496819
:104E5000009121680C3151E8002F42F0100241E826
:104E60000023002BF5D138BD10B50C461B498842F4
:104E700006D101F0D9FBE1B2BDE8104001F0ECBB76
:104E8000174988420BD1FCF7F1F8E1B2FCF782F93F
:104E900001F0F2FB13490020A1F8010010BD1249F6
:104EA000884206D1FCF764FAE1B2BDE81040FCF795
:104EB0008BBF0E49884206D101F02AFFE1B2BDE85E
:104EC000104001F029BF0A498842E7D1FCF73AFDBA
:104ED000E1B2BDE8104002F0A5BF0000E4020020EE
:104EE000BC030020B31000202C030020740300201A
:104EF0009C02002070470000F8B50168044608686D
:104F0000CA684B6910F00F0F4FF0000559D003F03D
:104F1000010602F49077374365D0C10705D0D1056B
:104F200003D5616C41F001016164410705D5D907E2
:104F300003D0616C41F002016164810705D5D90796
:104F400003D0616C41F004016164010707D502F0F0
:104F50002001314303D0616C41F008016164616C50
:104F600000293AD0800604D5900602D5204602F0EA
:104F70000FFE20684069616CC0F38010090700D4FF
:104F800060B3204602F0CFFD20684069400621D57D
:104F90002068143050E8001F21F0400140E8001262
:104FA000002AF5D1E06BA8B16E490165E06BFEF710
:104FB0009FFA002811D0E06B016D01B0BDE8F04010
:104FC000084783060FD593060DD52046BDE8F84067
:104FD00002F0DEBD2046FFF78DFFF8BD2046FFF74B
:104FE00089FF6564F8BD266B2023012E7DD1C6069E
:104FF0007BD5D60679D508684868009048694FF097
:105000000206400641D5E16B086840680004000CC8
:10501000E8D0A28D8242E5D9E085C869B0F5807FED
:105020002DD020680C3050E8001F21F4807140E83A
:105030000012002AF5D12068143050E8001F21F03A
:10504000010140E80012002AF5D12068143050E830
:10505000001F21F0400140E80012002AF5D184F839
:105060004230256320680C3050E8001F21F0100109
:1050700040E80012002AF5D1E06BFEF7F0F9666314
:10508000A08DE18D401A81B22AE0A08DE18D401AF9
:1050900081B2E08D0028A5D00029A3D022680C326F
:1050A00052E8000F20F4907042E80007002FF5D17D
:1050B0002068143050E8002F22F0010240E8002759
:1050C000002FF5D184F84230256320680C3050E879
:1050D000002F22F0100240E80023002BF5D1666378
:1050E0002046FFF7C1FEF8BDFFE705062BD51506E4
:1050F00029D594F841002128F5D1A068B0F5805F4A
:1051000001D12069B0B1206A411C21622168007878
:105110004860E08C401E0004000CE084E3D120686D
:10512000C16821F08001C1602068C16841F0400180
:10513000C160D8E7206A0088C0F308004860206A90
:10514000801C2062E5E74006CDD55006CBD5CA6865
:10515000204622F04002CA6084F8413000F038FA5C
:10516000C1E70000DD79000870B5040004D094F8B0
:105170004100002510B106E0012070BD84F84050C8
:10518000204600F023F8242084F841002068C168FC
:1051900021F40051C160204602F05CFD20680169E5
:1051A00021F4904101612068416921F02A014161A7
:1051B0002068C16841F40051C1606564202084F812
:1051C000410084F842006563002070BD2DE9F04F76
:1051D00087B0054614216846FBF750F8CF48DFF842
:1051E00038831038D5F800C0CC4F022203210823A1
:1051F000DFF82CB3002406154FF02069C44535D1E3
:10520000D7F800C04CF0804CC7F800C03F6807F0EA
:1052100080470597076847F010070760006800F0AF
:1052200010000590CDE90313C8018DE8150069460B
:105230005846FEF7E7FABC4FBA483860C7E9019410
:10524000C7E903467C61BC61FC613C6238467C6214
:10525000FEF736FA08B1FCF77EFFEF630022114635
:105260005220BD63FFF726F9522050E0DFF8BC82E0
:105270004FF0400AC4454FD1D7F800C04CF0004C65
:10528000C7F800C03F6807F000470597076847F078
:1052900010070760006800F0100005908DE8160008
:1052A000CDE9031369465846FEF7ACFA9E4F9D4878
:1052B000603748303860C7E90194C7E903467C612C
:1052C000BC61FC613C6238467C62FEF7F9F908B1CA
:1052D000FCF741FFEF63BD63934F9248C0374838F6
:1052E000C7E903467C61BC61FC613C627C6287E883
:1052F00001063846FEF7E4F908B1FCF72CFFAF636E
:10530000002211465320BD63FFF7D4F85320FFF766
:10531000C3F807B0BDE8F08FDFF81482DFF8FCB106
:105320004FF0070E0BF1040BC4453AD1DBF80070C7
:1053300047F01007CBF80070DBF8003003F01003E3
:105340000593036843F0020303600068CDE902415E
:1053500000F002000590C020CDE90002CDF810E079
:1053600069467448FEF74EFA744F734838604FF040
:105370000060C7E90104C7E903467C61BC61FC61C8
:105380003C6238467C62FEF79BF908B1FCF7E3FE0D
:10539000EF63002211462520BD63FFF78BF825201F
:1053A000B5E7DFF89C81C44551D13B6843F48023C5
:1053B0003B603B6803F480230593036843F00803D4
:1053C00003600068CDE9024100F0080005904FF449
:1053D0004070CDE90002CDF810E069465948FEF76B
:1053E00011FA564F4F486037303838604FF0006040
:1053F000C7E90104C7E903467C61BC61FC613C620A
:1054000038467C62FEF75CF908B1FCF7A4FEEF6356
:10541000BD634A4F4348C03718303860C7E9034678
:105420007C61BC61FC613C6240057C62C7E9010AA9
:105430003846FEF745F908B1FCF78DFEAF63002250
:1054400011462720BD63FFF735F827205FE73E4F61
:10545000BC457FF45EAFDBF800C04CF0200CCBF80D
:1054600000C0DBF8007007F020070597076847F0D9
:1054700040070760006800F040000590CDE9031385
:105480004FF484408DE8150069463048FEF7BAF9BC
:105490002949DFF8BC8018394046C8F80010C0E937
:1054A0000194C0E90346C8F81440C8F81840C8F889
:1054B0001C40C8F820404F46C8F82440FEF700F9C9
:1054C00008B1FCF748FEC5F83C80C8F83850DFF852
:1054D0008080194908F1600840466031C0E9034600
:1054E000C8F81440C8F81840C8F81C40C8F8204054
:1054F00088E88204C8F82440FEF7E2F808B1FCF717
:105500002AFEC5F83880002211464720C8F83850D6
:10551000FEF7D0FF4720FAE600780040403802400E
:10552000001002405860024004040020007C00404B
:1055300000100140000402404064024024050020A5
:1055400000480040000C02400014014000180240D6
:10555000440600207047704770B5044690F841003B
:10556000202801D0022070BD49B342B32162A28439
:10557000E28400206064212384F84130A56B114B44
:10558000EB63A56B104B2B64A56B104BEB64A36B0B
:105590001865256813462A1DA06BFEF7FBF82168E5
:1055A0006FF0400008602068143050E8001F41F0A0
:1055B000800140E80012002AF5D1002070BD0120D2
:1055C00070BD0000DB7A00081D7B0008ED79000843
:1055D00070477047FEE700000148FEF77FBA000001
:1055E000400100200148FEF7D6BA0000400100202B
:1055F00038B5806B002190F83D202B4B46F2A81463
:105600001B68B3FBF4F3C3EBC30303EB8303009307
:105610003BB15B1E009303681B689B0505D5009B8F
:10562000F6E7036C43F020030364436B03B1D963D3
:10563000836B03B1D96303681C6824F480641C6025
:105640004185436B03B11965836B03B11965036829
:105650001C6824F001041C6090F83D402023602C5D
:105660000BD0282434EA02020FD080F83D3080F8B5
:105670003E1000BFFEF7A7FB38BD80F83D3080F834
:105680003E100164FEF728FA38BD0268136843F043
:10569000010313600268136843F4806313600163BD
:1056A00080F83D40E6E70000E800002070B5846B1C
:1056B0000025616B01B1CD63A16B01B1CD63FDF735
:1056C00029FF022811D02068016821F4806101605F
:1056D0006585202084F83D0084F83E50206C40F021
:1056E000100020642046FEF76EFB70BD2DE9F041EE
:1056F000846B94F83D2094F83E50E16A206843683A
:1057000023F440734360636B002003B1D863A36B41
:1057100003B1D863212333EA02074FF022060CD0ED
:1057200036EA020701D1202D07D094F83E20002A46
:1057300021D0628D012A20D024E021684D6825F413
:1057400000654D6060852820292A02D02A2A07D0CA
:105750000CE0236384F83D002046FEF742FE05E09E
:10576000266384F83D002046FEF73AFE2068416833
:1057700041F440714160BDE8F0812268136823F470
:10578000806313602268536823F44073536011F5FB
:10579000803F06D0082904D0B1F12A4F01D020293A
:1057A00004D12268136843F40073136022685368BD
:1057B00023F4805353602268536823F400635360DA
:1057C0006085226C1AB12046FEF7FDFAD3E720224D
:1057D00084F83D2094F83E2084F83E00402A09D009
:1057E000082902D0202900D0122020632046FEF78D
:1057F000B0FBC0E720632046FEF7AEFBBBE70068C6
:105800004169C943090601D40021016170470000C4
:1058100070B5044690F83D0094F83E10102901D070
:10582000402906D1222804D121680A6822F40062A6
:105830000A60282131EA00024FF000054FF02006EF
:1058400026D021684968090505D4602803D084F86A
:105850003D6084F83E50256320684168090537D5CE
:10586000416821F400614160606B90F835203C494B
:10587000012A11D00165606BFDF73AFE38B320684C
:10588000016821F00101016084F83D60606B1CE05B
:10589000256384F83D10DFE7A06B0165A06BFDF781
:1058A00027FEA0B120684169C943490605D40069B3
:1058B000616A0870606A401C60622068016821F0BB
:1058C0000101016084F83D60A06B016D884710E024
:1058D00094F83D10602910D04169C943490605D4A8
:1058E0000069616A0870606A401C60622046FEF7C9
:1058F0006AFA206CC1071CD115E084F83D6025646C
:105900004169C943490605D40069616A0870606A43
:10591000401C60622068016821F00101016020469E
:10592000FEF7DAF8E5E7810703D4410701D4000761
:1059300004D52068416821F4E061416094F83D009D
:10594000216C49070BD5282809D10648E062256358
:1059500084F83D6084F83E502046FEF7F9FA70BDA9
:10596000F15500080000FFFF01684A69D243520563
:105970000FD46FF480624A61002140F8301F20226A
:1059800042738173026942F00402026101730120D3
:1059900070470020704710B5C26A438D0168042B20
:1059A00006D0438D032B08D0438D022B1DD012E06F
:1059B0004A6822F480624A600CE04B6823F48063FA
:1059C0004B60042A06D0022A04D001680A6822F437
:1059D00080620A6001680969426A1170416A491C63
:1059E0004162418D491E418510BD012A34D0102AE3
:1059F00032D0042A34D0022A32D00B6843F4007328
:105A00000B6001680969436A1970416A491C416267
:105A1000438D5B1E438503681B690B70416A491CFB
:105A20004162418D491E418501684B6823F44073F2
:105A30004B60202180F83D1090F83E300021402B33
:105A400080F83E1010D0082A02D0202A00D012215F
:105A50000163FEF77EFA10BD0B6823F48063CFE785
:105A60000B6843F48063CBE70163FEF775FA10BD62
:105A700038B590F83D10222910D1C36A418D032911
:105A80000DD901680969426A1170416A491C416275
:105A9000418D491E4185418D032906D038BDC26A1A
:105AA000022A02D0012906D029B10068416821F4F8
:105AB0008061416038BD2A4A46F2A814002112686C
:105AC000B2FBF4F202EB8202009202682024009DF5
:105AD0006D1E009526D01568AD05F8D4156825F41F
:105AE000806515600268556825F4E06555600268B8
:105AF0001269456A2A70426A521C4262428D521EE5
:105B0000428580F83D4090F83E2080F83E10402AC3
:105B100021D0082B02D0202B00D012210163FEF7E8
:105B200018FA38BD036C43F020030364536823F470
:105B3000E063536002681269436A1A70426A521C39
:105B40004262428D521E428580F83D4080F83E10F0
:105B5000FEF739F938BD0163FEF7FEF938BD0000E4
:105B6000E800002010B5C26A90F83D1021290BD141
:105B7000418D51B1416A026809781161416A491C3D
:105B80004162418D491E418510BD20230021082A14
:105B900013D0202A11D012F5803F0ED0026854682D
:105BA00024F4E06454601122026380F83E1080F80F
:105BB0003D3000BFFEF7CEF910BD0268546824F4F2
:105BC000E06454600268146844F400741460016373
:105BD00080F83D3090F83E2080F83E10402AE9D110
:105BE000FEF7C2F910BD000010B590F83D1090F816
:105BF0003E30C26A048DB4B1212903D0402B11D1AB
:105C000022290FD1418DE1B390F83E10402942D0B6
:105C1000416A026809781161416A491C4162418DFB
:105C2000491E418510BD2129E8D120230021082AE1
:105C300013D0202A11D012F5803F0ED0026854688C
:105C400024F4E06454601122026380F83E1080F86E
:105C50003D3000BFFEF77EF910BD0268546824F4A1
:105C6000E06454600268146844F4007414600163D2
:105C700080F83D3090F83E2080F83E10402AE9D16F
:105C800000E002E0FEF770F910BD0068416821F401
:105C90008061416010BDBDE8104000F0D3B8000045
:105CA00078B590F83E50C26A036B90F83D600024CE
:105CB0000168222E7AD1066D0EB9402D76D0056D81
:105CC0001DB90569B5F5404F09D0458D05B3468D21
:105CD000384D012E0ED0438D022B3AD05DE04A693B
:105CE0008A6900920A6842F480720A60016D491C58
:105CF000016578BDAA4213D10A6822F480620A6065
:105D000001684A68120503D50A6822F4806216E029
:105D10004A698A6900920A6842F400720A6039E0AE
:105D2000082A10D0202A0ED0122B0AD0042A03D021
:105D3000022A01D0102AE7D10A6842F480620A6080
:105D400024E0012AE0D00A6822F480620A60016837
:105D5000DEE7042A21D0022A1FD0102A1DD00B68AA
:105D600023F480630B6001680B6843F400630B60ED
:105D700001684B681B0509D5AA4212D0012A10D030
:105D8000082A0ED0102A0CD0202A0AD001684A69AD
:105D900089690091046578BD08E00B6843F480636D
:105DA000E5E74A6842F480524A60EFE7486988694B
:105DB0000090F0E70000FFFF90F83E10402910D05F
:105DC0000169B1F5804F19D0016DA9B3016D0129A9
:105DD00010D1416C5FF0F10201F4407142EAD1113F
:105DE00006E0016D0029416C05D0C9B241F0010106
:105DF00000680161704701F0FE01F9E790F83D107D
:105E00002129416C09D0C9B241F001010268116138
:105E1000416B29B1C96B49B902E001F0FE01F5E718
:105E2000816B0029E6D0C96B0029E3D00068416886
:105E300041F4006141607047FFE7416CF02201F4DA
:105E40004071CBE710B590F83D10026D4AB1026D7C
:105E5000012A14D0026D022A16D0BDE81040FFF7C7
:105E6000CEBCC16C0129816C02D0C1F3072108E0CE
:105E70000268C9B21161016D891C016510BD816C98
:105E8000C9B20268116123E022291CD0428D0AB1F7
:105E9000212920D0428D002AF0D12129EED101689C
:105EA0004A6822F4E0624A6001680A6842F40072BB
:105EB0000A6000210163202280F83D2080F83E1016
:105EC000FEF752F810BD01680A6842F480720A6059
:105ED000016D491CD1E7416A026809781161416A84
:105EE000491C4162418D491E418510BD2DE9F84F85
:105EF0000446006889460B9D01689846174641F4A0
:105F0000806101602068016841F480710160009542
:105F10004FF0011B0022594620460A9B00F0D2F99F
:105F20004FF4007A40B120680068C00501D5C4F87C
:105F300040A00320BDE8F88F216809F0FE00086149
:105F40002B46284920460A9A00F004FAF0BB206844
:105F50004169806900902A4620460A9900F058FA63
:105F600040B1206C04283AD12068016841F40071E6
:105F7000016034E0FEB2B8F1010F09D02168380A9F
:105F800008612A4620460A9900F042FA0028E8D122
:105F9000206806612A4620460A9900F039FA00284E
:105FA000DFD12068016841F4807101600095002212
:105FB000594620460A9B00F085F90028B3D1216894
:105FC00009F0FF0040F00100086100E007E02B4607
:105FD000044920460A9A00F0BDF90028AAD0012001
:105FE000A8E70000020001002DE9F843044600681C
:105FF0000D46DDE9089701689846164641F4807120
:1060000001604B4600224FF001112046009700F03E
:1060100059F948B120680068C00502D54FF40070F6
:1060200020640320BDE8F883216805F0FE000861C4
:106030003B464A461549204600F08CF988B920684D
:106040004169806900903A464946204600F0E0F9EF
:1060500048B1206C042804D12068016841F4007123
:1060600001600120DEE7F5B2B8F1010F09D0216827
:10607000300A08613A464946204600F0C9F900282E
:10608000E7D1206805610020CCE700000200010094
:1060900038B50C4690F83D2000212825954302682C
:1060A0000B4605D051699169009180F83C3038BDAC
:1060B000556825F480655560E243540700D50121F9
:1060C000120601D5828900E0028B80F83C3092B242
:1060D000FDF703FD38BD00002DE9F04190F83D309B
:1060E0000446C26A002120261E4F00686FF48065B6
:1060F000082A01D0202A01D1282B04D0212B17D027
:106100004561BDE8F081E762426822F4E0624260E6
:10611000206845612068026822F480620260216381
:1061200084F83D6084F83E102046FDF711FFE8E753
:10613000E7622122226384F83D6084F83E104168C2
:1061400021F4E0614160206845612068016821F424
:10615000806101602046FFF752FB2046FEF741F9BF
:10616000CFE700000000FFFFF8B590F83D6004465F
:106170000068416821F4E0614160206800254169C0
:106180000091016841F0010101602068016821F47B
:106190008061016020684168090520D5474F222EA3
:1061A00048D02A2E46D0616B096849686185618DA7
:1061B00019B1216C41F004012164416821F40061AE
:1061C0004160606BFDF7A8F9012808D0606B076596
:1061D000606BFDF78DF910B1606B016D8847608DC4
:1061E00008B320684169C943490708D40069616A56
:1061F0000870606A401C6062608D401E6085206887
:106200004169C943490608D40069616A0870606A37
:10621000401C6062608D401E6085608D18B1206CEE
:1062200040F004002064206C00B32046BDE8F84034
:10623000FFF7EEBAA16B096849686185618D19B1F4
:10624000216C41F004012164416821F40061416046
:10625000A06BFDF761F90128C1D0A06B0765A06BA9
:10626000FDF746F90028BAD0A06BB6E72A2E06D172
:106270002563282084F83D002046FEF7B1F894F805
:106280003D10202028290DD0216B222901D0222E5B
:1062900007D1256384F83D0084F83E502046FEF780
:1062A0009FF8F8BD0649E162256384F83D0084F853
:1062B0003E502046FDF74CFEF8BD0000F1550008A9
:1062C0000000FFFF2DE9F047984617460D460446AB
:1062D000C1F30746DDF820902AE000BFB8F1FF3F88
:1062E00026D0FDF7B3FBA0EB0901414502D8B8F178
:1062F000000F1DD12068012E16D0806925EA00000C
:106300000004000C12D00020B84211D1002044F843
:10631000300F20216173A073216941F020012161B8
:1063200020730120BDE8F0874069E7E70120EBE733
:106330002068012E0AD0806925EA00000004000CC4
:1063400006D00020B842C9D00020EBE74069F3E74F
:106350000120F7E72DE9F047984616460D4604461A
:106360004FF000094FF0200AC1F3074723E02068EF
:106370004069C043400515D42068016841F40071AC
:10638000016021686FF480604861C4F8309084F83F
:106390003DA084F83E90216C41F00401216484F812
:1063A0003C9021E0701C06D0FDF750FBA0EB0800EC
:1063B000B04203D816B1012F1FD021E02068012F71
:1063C00015D0806925EA00000004000C18D000BF39
:1063D00044F8309F84F80DA084F80E90216941F0B4
:1063E0002001216184F80C900120BDE8F08740690C
:1063F00025EA00000004000CEAD12068406901E0B1
:106400002068806925EA00000004000CAFD1ECE7A9
:1064100070B516460D4604461EE02046FFF7A4FA66
:1064200008B1012070BD681C16D0FDF70FFB801B62
:10643000A84200D885B920684069C04300060BD542
:10644000002044F8300F20216173A073216941F0CE
:10645000200121612073E4E720684069C043000601
:10646000DBD4002070BD000070B50446002C71D054
:106470004C4D2068C5F806002079A8722078A52820
:1064800068D10521204601F001FD6E1E012839D199
:1064900061782046093101F0DBFC012879D1B4F89C
:1064A000050040F20222B081A0F20221904241D0C8
:1064B00013DC40F20112A0F2011190422BD006DC55
:1064C000012819D002281ED0032862D11EE001291C
:1064D00026D0B1F5807F5CD127E004293FD006DCCF
:1064E00001292CD0022931D0032952D133E00529CA
:1064F00039D0FF294DD140E0B4F80700A5F80D00D0
:10650000607AE87345E0E079287442E0B4F8070067
:10651000A5F811003DE0D4F80700C5F8310038E0D7
:10652000D4F80700C5F8350033E01E481B22E11DF2
:10653000393008E01B480E22E11D543003E01948B1
:106540001022E11D6230F9F780FE22E0E07985F843
:1065500072001EE024E0E07985F8730019E0E0792C
:1065600085F8740015E0D4F8070045F8750FB4F805
:106570000B00A880607BA8710BE0D4F8070045F8F9
:106580007C0FD4F80B006860B4F80F002881607CA1
:10659000A87230890934015DA52901D1044465E759
:1065A00070BD0000BE11002010B5124C1248012130
:1065B0002278C07C052A05D2DFE802F003050C1121
:1065C0001800217010BD8007FCD5022001F0ACF846
:1065D000022002E08007F5D40320207010BD800760
:1065E000FCD5002001F0A0F80420F6E78007E8D5EC
:1065F00010BD00003000002074100020F0EE400AB2
:1066000090ED001AB7EE000AD0ED011A30EE410A03
:1066100020EE210A01EE200A80ED010A80ED020A37
:10662000704780EC020A704700487047A8000020BD
:1066300010B5062205490648FEF7EFFB054800683D
:10664000016821F00801016010BD0000A8000020D1
:10665000E40200206404002010B5FBF72BFDBDE828
:106660001040FFF7E5BF0000024830F8011F491C49
:1066700001807047B31000201E4810B5C16BDFEDDC
:106680001E0A00EE101A416C006C20EE200ABDEECE
:10669000C00A10EE102A00EE101A140A20EE200A8A
:1066A000BDEEC00A10EE101A00EE100A134820EEDC
:1066B000200A8470C2700A0ABDEEC00A02714171DC
:1066C00010EE103A190A81710D49C371B1F8011029
:1066D000082901D9012200E0002202724172074814
:1066E000FAF79CFDBDE810400B2204490548FEF76F
:1066F00033BF00005E0F00200000C8C2AE000020C3
:10670000B3100020E40200200F4810B50D490160CD
:106710000521416000214FF480228160C0E903120D
:10672000D20042610176012242768176C2760177FB
:106730004177FCF7FEFC002803D0BDE81040FBF7D2
:106740000ABD10BD00640040F00000200F4810B5E5
:106750000D4901600521416000214FF480228160D4
:10676000C0E90312D20042610176012242768176AD
:10677000C27601774177FCF7DCFC002803D0BDE846
:106780001040FBF7E8BC10BD006800401801002075
:10679000314808B5016841F480010160016801F4E5
:1067A00080010091016841F400110160006800223D
:1067B00000F40010009011460B20FDF77BFE0B202B
:1067C000FDF76AFE002211460C20FDF773FE0C2037
:1067D000FDF762FE002211460D20FDF76BFE0D2035
:1067E000FDF75AFE002211460E20FDF763FE0E2033
:1067F000FDF752FE002211460F20FDF75BFE0F2031
:10680000FDF74AFE002211461120FDF753FE11202C
:10681000FDF742FE002211462F20FDF74BFE2F20F0
:10682000FDF73AFE002211463920FDF743FE3920DC
:10683000FDF732FE002211463A20FDF73BFE3A20DA
:10684000FDF72AFE002211464520FDF733FEBDE884
:1068500008404520FDF720BE30380240F0B587B033
:1068600014216846F9F70AFD39480024016841F00F
:1068700010010160016801F010010591016841F00B
:1068800040010160016801F040010591016841F09B
:1068900001010160016801F001010591016841F009
:1068A00002010160016801F002010591016841F0F7
:1068B00008010160016801F008010591016841F0DB
:1068C00004010160016801F004010591016841F0D3
:1068D00020010160016801F020010591016841F08B
:1068E0008001016000681B4E00F0800042F2FE153E
:1068F0000590002229463046FDF7A3F8164F0122E5
:106900003C213846FDF79DF800950125CDE901545D
:10691000694630460394FCF775FF4FF4C0608DE87C
:10692000310069460D48FCF76DFF3C200090CDE931
:106930000154694638460394FCF764FFA8028DE8C9
:10694000310069460648FCF75DFF07B0F0BD000066
:106950003038024000180240001C0240000402408F
:1069600000140240144810B51249016013494160F7
:1069700000214FF480428160C0E9031241618161CE
:10698000C1610162FDF720FA08B1FBF7E4FB0021C9
:106990000948FDF761F808B1FBF7DDFB0021064867
:1069A000FDF77BF8002803D0BDE81040FBF7D3BB10
:1069B00010BD00000058004040010020801A060071
:1069C0001CB500240F4800940D4901940160112169
:1069D000C0E9011442F20F71C16080218161FEF7AC
:1069E000D3F808B1FBF7B7FB00946946054801945A
:1069F000FEF782F8002801D0FBF7ADFB1CBD0000BC
:106A000000140040540200200C4810B50A490160EF
:106A10004FF461214160002181600422C160C0E91E
:106A200004128161C161FEF79FFB002803D0BDE81D
:106A30001040FBF790BB10BD007800409C02002086
:106A40000C4810B50A4901604FF4E1314160002162
:106A500081600C22C160C0E904128161C161FEF74E
:106A600083FB002803D0BDE81040FBF774BB10BDCA
:106A7000007C0040E40200200E4810B50C49016083
:106A80000D4941604FF48051816000214FF48062D4
:106A9000C0E903120422C0E90521C161FEF764FBCD
:106AA000002803D0BDE81040FBF755BB10BD000027
:106AB000001001402C030020A08601000C4810B5F6
:106AC0000A4901604FF4E1314160002181600C22EC
:106AD000C160C0E904128161C161FEF745FB002875
:106AE00003D0BDE81040FBF736BB10BD00480040A6
:106AF000740300200C4810B50A4901604FF461216D
:106B00004160002181600C22C160C0E904128161F2
:106B1000C161FEF729FB002803D0BDE81040FBF758
:106B20001ABB10BD00140140BC030020FEE70000AA
:106B30002DE9F041414C434EA07C00F0010100EEF4
:106B4000101AC0F3400101EE101AF8EE400A9FED52
:106B50003C0AB8EE411AC0F3C00160EE800AC0F3EF
:106B6000800041EE400A01EE100AB8EE411AC6ED6F
:106B7000030A00EE901AF8EE600A60EE800A41EE19
:106B8000400AC6ED020AFFF70FFDA07C400601D5C2
:106B900000F0DCFB2B4DA07C05F110058006E879A8
:106BA00020F0F00000D51030E871E17C607CC1F38A
:106BB000C00100F00300494200EB410000EE100A62
:106BC000B8EEC00A00F09CFD607C1F4F10F00C0F67
:106BD00006D000F04BF887ED3E0A00F03FF803E0E6
:106BE0009FED1A0A87ED3E0A87ED730A96ED020AB9
:106BF000BDEEC00A10EE100A288096ED030ABDEE25
:106C0000C00A10EE100A6880A07CC00601D40320E0
:106C100000E0022028710E488089A5F8050000F0E8
:106C2000A5FBE979082260F30301E971BDE8F041B1
:106C3000044908481031FAF791B900007410002097
:106C400000007A44300000206408002000000000AA
:106C50005410002089000020FEE700000248D0F810
:106C6000070000EE100A7047B31000200248D0F869
:106C7000030000EE100A7047B31000209FED0C0ACD
:106C8000002180ED000A80ED010A80ED040A80ED0C
:106C9000050A80ED030A80ED060A80ED070A80ED03
:106CA000080A80ED090A80ED0A0A80F8381070475A
:106CB000000000009FED0A3A00F1180180ED033A50
:106CC00080ED043AC0ED051A80ED003A80ED012A0E
:106CD00080ED093AC0ED0A2A81EC030A70470000F2
:106CE000000000007047000010B5FF22054906486B
:106CF000FEF793F805480068016821F0080101607B
:106D000010BD0000BE100020740300208405002088
:106D100000487047BE10002010B5FFF7A5FBBDE886
:106D20001040FFF7E1BF000010B5114911480323DF
:106D30008C78407A01F1100254B1012C0DD0022C54
:106D400011D0032C0ED1C0070CD01371002008E025
:106D50001371C00706D1012003E0C00702D0022052
:106D60001071887010BDC007FCD18B7010BD000081
:106D7000300000207410002070B500F0ADF81A4DFE
:106D8000DFED1A0A1A4C55F8160F00EE100A20EE25
:106D9000200ABDEEC00A10EE100A2080686800EEDE
:106DA000100A20EE200ABDEEC00A10EE100A608024
:106DB000FFF7BAFF00F050F80E488089A4F80500EC
:106DC00000F0D4FAE179082260F30301E171214671
:106DD0000948FAF7C3F8286900EE100A00F090FCA1
:106DE000BDE8704000F00AB87410002000007A443A
:106DF00040000020541000208900002070B5144C81
:106E0000144E0025E17879B13046007AC009012995
:106E100012D0022918D0032905D1002803D0002060
:106E200000F082FCE57070BD002000F07DFC307A3F
:106E3000C009F8D1012005E00028F4D0022000F0BC
:106E400073FC0220E07070BD0028FCD10320F9E73C
:106E500030000020741000202DE9F0411D4E1A4D25
:106E60009FED1A0AB07A2979194C0027C0F3001057
:106E7000A9B101291BD0022922D003290DD1FFF786
:106E8000F5FE84ED3E0AFFF7E9FE84ED730AB07A61
:106E9000C0F30010002800D02F71BDE8F08184ED10
:106EA0003E0A84ED730A0028F7D1012006E084ED44
:106EB0003E0A84ED730A0028EFD002202871ECE727
:106EC0000028EAD10320F9E730000020000000008C
:106ED000640800207410002070B5144B144D03F1A9
:106EE00010005E78C179002421F0F002297AC1F304
:106EF000801156B1012E0DD0022E12D0032E03D1D7
:106F0000002901D0C2715C7070BDC2710029FBD133
:106F1000012004E00029F7D01032C271022058701D
:106F200070BD0029FCD10320F9E7000030000020EB
:106F3000741000200448007AC0F30110022801D028
:106F400000207047012070477410002010B50F49D1
:106F500000202DED028B9FED0E8ADFED0E8A08706A
:106F60004880F0EE480AB0EE680A01F10C00FFF725
:106F700058FBF0EE480AB0EE680ABDEC028B0348FD
:106F8000BDE810401830FFF74CBB0000BC0B0020E0
:106F900000000000CDCC4C3D70B51F4C608800282F
:106FA00011D1207805250421022206280BD2DFE822
:106FB00000F003050D18202A012010E0FFF7BAFFAA
:106FC000012801D0227070BD217070BD13490020CE
:106FD000FBF7D4FD12490120FBF7D0FD0320207000
:106FE00070BDFFF7A7FF012800D12170FFF7C4FE95
:106FF0000FE00C490020FBF7C1FD0B490120FBF716
:10700000BDFD257070BDFFF795FF00B92270FFF739
:107010008FFD658070BD0000BC0B0020D92B0008DF
:10702000B12A0008F52B0008CD2A0008034948883A
:10703000002801D0401E488070470000BC0B002093
:107040007047000010B5DFED200A2DED048BB0EE87
:10705000408ADFED1F8A9FED1F0ADFED1C9A48EE84
:10706000088A28EE000A40EE608AB0EE680A01F055
:107070000BF9B0EE409A9FED180ADFED180A38EED2
:10708000800A70EE600A9FED160A29EE001A80EE63
:10709000810A00F0BBFFF0EE408A28EE290AC0EE1C
:1070A000090AB0EE600A01F03DF8F0EE400A38EE51
:1070B000A00ADFED0C0ABDEC048B30EE600ADFEDB8
:1070C0000A0A30EEC00A10BD21021A3F3E7E4C3F34
:1070D000519B8045914D004313F6764489B5CA44CF
:1070E000A4707B42AEB6123F7D3F253F70B53E4D4A
:1070F0002DED028B686BC17E012971D190F83B1098
:1071000001296DD10022C276696B384C81F83B2091
:10711000E08820B1401E0004000CE08060D120799E
:1071200070B101285CD1207C9FED318AB0B19FED18
:10713000310ADFED310A012815D0022817D112E0FB
:10714000012084F8940084F8500084F8DC0084F86E
:107150001C0184F860012071C82040E084ED288A79
:1071600084ED388A03E084ED280AC4ED380AB1F9C9
:107170001400DFED228A00EE100A1C48F8EEC00A67
:10718000A43080EEA80AD4ED280A30EEC00A84EDBF
:10719000290A01F04DFD84ED320A686BB0F9340024
:1071A00000EE100A1148B8EEC00AE430C0EE280A1A
:1071B00094ED380A30EE600A84ED390A01F038FDAA
:1071C000B0EE481A84ED420AF0EE400A94ED320A1D
:1071D000F0EE411A00210220FAF74EFA0620E08074
:1071E000BDEC028B70BD000049000020580A002051
:1071F0000000000048E17ABF48E17A3F00A00C4659
:107200002DE9F0474D4C2DED028BA08900284DD182
:10721000A07A4FF0000A4FF001080A259FED488A36
:10722000484F494EF1EE048A4FF01E090A283DD21C
:10723000DFE800F0050A0F151E243640455E84F88D
:107240000A804FF4FA7071E03F48FAF73EFC0220E2
:107250002AE001213C48FAF7AFFD032024E084ED49
:10726000268AC4ED278AD6F81E00B86004201BE0E9
:1072700000213548FAF7A0FD052015E0F8780A2826
:1072800008D24FF001013048FAF796FDF878401C1B
:10729000F8700AE00AD187F803A04FF0060003E077
:1072A0002948FAF71BFD0720A072A581BDEC028BCF
:1072B000BDE8F0872448FAF7FDFC082014E001211E
:1072C0002148FAF779FD20481E30FAF7F5FB84EDE6
:1072D000268AC4ED278AD6F81E00B860A065D6F8C5
:1072E0003F00FAF7B9FE0920A072A4F80C90DDE780
:1072F0001449207C91ED020A18B1012801D002281E
:1073000001D184ED160A94ED271AD4ED260A94EDE6
:10731000160A0D48FAF7DCFBD6F83F0041796420E5
:1073200011B1317A012903D084F80A80A081BDE728
:10733000E17A0029B9D084F80BA0F5E7580A0020BB
:10734000D2537B4220000020C90E002001490120B9
:10735000C8727047580A002003484078032802D0BA
:10736000022800D000207047200000200148007C47
:1073700070470000580A00202DE9F05FDFF85491B3
:10738000D9F83F00407901282ED1534C012603271C
:1073900094F800C04FF4007E4FF0640B9FED4F1A3D
:1073A000504D2046DFF838A195ED030A1C210A2331
:1073B00031EE400A4088D5ED020A95F90020BCF173
:1073C000050F11D2DFE80CF00314293475000028F2
:1073D0000AD12079012807D171464348FCF72CFBDC
:1073E00020B12670A4F802B0BDE8F09F2770F9E73D
:1073F0000028F9D171463C48FCF71EFB48B195EDD9
:10740000020ADFED3A0A052030EE600A85ED020A35
:1074100028E0022060802070E6E70028E4D19FED9C
:10742000340A30EEC00A85ED020AA4F802B04EE03C
:107430000028D9D1207C0228D6D1012A05D0501CA1
:1074400028D0002AD0D16380CEE710EE100A504534
:1074500003DBFFF781FF022806D0FFF77DFF03283B
:1074600015D014206080BFE795ED020ADFED210AF8
:10747000042030EE600A85ED020A9FED1F0A84EDBC
:10748000260AB1EE040A84ED270A207000E06E702F
:107490006180A9E79FED190A84ED260AB6EE000A7D
:1074A00084ED270A9FED160A30EE800A85ED020A68
:1074B000C9E710EE10CAD44503DAD9F81EC0C5F8E2
:1074C00008C0002890D1002ABDD16E70618027705D
:1074D0008AE70000C90E0020580A00200000E64399
:1074E0000000C84220000020000402408FC2F53C8A
:1074F000D8E9173FD8E91740D2537B42DB0F494107
:107500008FC2753D0448DFED050A90ED030A30EEA9
:10751000200A80ED030A7047200000200000C842C6
:107520002B4900B58888002832D14B78012283B3DB
:1075300028489FED290A012B406B2DD0022B27D123
:10754000264B1B7C2BB3B0F91420254B00EE902A60
:10755000B8EEE01AC1EE000A10EE902A1344214A58
:10756000934215D2B0F934001F4B00EE900AB8EEEA
:10757000E01AC1EE000A10EE900A1844904207D2B9
:10758000FFF7C0FF1948D0F81E008860032048703C
:1075900000BDFFE74A70FBE7B0F91420144B00EE82
:1075A000902AB8EEE01AC1EE000A10EE902A9A4234
:1075B000EED9B0F934000F4A00EE900AB8EEE01AA6
:1075C000C1EE000A10EE900A9042E1DD0220DEE7F3
:1075D000200000204900002000A00C46580A00208E
:1075E00084EBD140EB51380084EBD1C0C90E0020B0
:1075F0001F856BBF1F856B3F10B50E4CA08808B16F
:10760000401EA080FFF78CFF94ED030AB5EEC00A80
:10761000F1EE10FA0CDDDFED080A30EE600AB5EE8F
:10762000C00AF1EE10FA01D29FED040A84ED030ABC
:1076300010BD000020000020AE47613E00000000A9
:1076400010B5264900202DED028B48800870C880B7
:1076500008718881887201F1A4000446FFF70EFBCF
:107660009FED1F8ADFED1F8AF7EE002AB0EE482A51
:10767000F0EE001AB0EE681AF0EE480AB2EE040A14
:107680002046FFF717FB1548E4300446FFF7F6FAEB
:10769000F7EE002AB0EE482AF0EE001AB0EE681AB3
:1076A000F0EE480AB2EE040A2046FFF703FB0E484C
:1076B0000446FFF7E3FADFED100A2046BDEC028B2B
:1076C000B0EE601ABDE81040DFED082A9FED082AF1
:1076D000DFED081A9FED090AFFF7ECBA580A0020FF
:1076E0006F12833A0AD7A33D800B0020CDCCCC3D4E
:1076F00017B7D1388FC2F53C000000006F12033A73
:1077000010EE101A0748B1F17C5F01DD012107E09E
:1077100010EE101AB1F13F4F01D9FF2100E0002116
:107720000170704720000020014908747047000074
:10773000580A002010B5FFF71FFEFFF7D7FCFFF730
:107740005FFD0348C189002901D10A21C18110BD13
:10775000580A00200748418809B1491E4180C18963
:1077600009B1491EC181818909B1491E8181FFF793
:1077700043BF0000580A00200988B0F9063089B2DA
:107780008B4205D1116881605168C160002070474B
:107790000120704700B587B040F21121BDF802000A
:1077A00061F34F10ADF802001749009808400090AF
:1077B0009DF80000090C20F006008DF80000BDF8CF
:1077C00006000843ADF8060001984FF6FF7161F31B
:1077D000D40001909DF8040040F006008DF80400EC
:1077E00010208DF808000E208DF809000748CDF80C
:1077F0000A000120CDF80E00CDF812006846F9F716
:107800000DFB07B000BD00000700E0FF18010020DD
:1078100005480449016040F21121C180491E818060
:10782000FFF7B8BFF000002064100020FCF7DABDBD
:1078300030B593B030216846F8F720FD14210CA82C
:10784000F8F71CFD20480025016841F080510160D7
:10785000006800F0805011901C48016841F44041DC
:1078600001600068022400F4404011900120009063
:10787000000401908001CDE9064006200890B42064
:10788000CDE9090404200B906846FCF769FF08B1B4
:1078900072B6FEE7FCF740FE08B172B6FEE70CA92F
:1078A0000F2081E831004FF4A0500F904FF480502A
:1078B000109005210CA8FCF767FE002801D072B6D5
:1078C000FEE713B030BD00004038024000700040B9
:1078D0000248016841F470010160704788ED00E0E2
:1078E0000148FDF7DEB9000054020020F0B502683F
:1078F000294C2A4D2A4E2B4F2B4B4FF0804CA04247
:1079000009D0604507D0A84205D0B04203D0B842A4
:1079100001D0984204D122F0700E4A6842EA0E0269
:10792000A0421BD0604519D0A84217D0B04215D054
:10793000B84213D0984211D01C4DA8420ED01C4D15
:10794000A8420BD01B4DA84208D01B4DA84205D021
:107950001A4DA84202D01A4DA84203D122F4407514
:10796000CA682A434D6922F080022A4302608A686D
:10797000C2620A688262A04201D0984201D10969BC
:107980000163012141610169C90703D0016921F047
:1079900001010161F0BD0000000001400004004051
:1079A00000080040000C004000040140004001407D
:1079B000004401400048014000180040001C004005
:1079C000002000400148FDF797BA00009C0200200B
:1079D0000148FDF791BA0000E402002010B5806B69
:1079E0000021C185C184FDF785FA10BD70B5846B97
:1079F0002068406994F84110C0F3C0100025212987
:107A000004D118B1E584204600F0B4F8206840693C
:107A100094F84210C0F38010222904D118B1E585F2
:107A2000204600F080F8606C40F010006064204652
:107A3000FDF760FA70BD10B50146806B09680968F2
:107A40004FF00002C9052ED4C28501680C3151E8FF
:107A5000003F23F4807341E80034002CF5D1016825
:107A6000143151E8003F23F0010341E80034002CB9
:107A7000F5D10168143151E8003F23F0400341E89B
:107A80000034002CF5D1202180F84210016B01292F
:107A900009D101680C3151E8003F23F0100341E89F
:107AA0000034002CF5D14263016B012902D0FDF7AF
:107AB00051FD10BD818DFDF7D7F910BD10B5806B5C
:107AC00001214163016B012902D0FDF744FD10BD86
:107AD000818D4908FDF7C8F910BD10B50146806BCE
:107AE00009680968C90516D40021C18401681431E8
:107AF00051E8002F22F0800241E80023002BF5D14D
:107B000001680C3151E8002F42F0400241E80023A7
:107B1000002BF5D110BDFDF75BFD10BD10B5806BDE
:107B2000FDF757FD10BD01680C3151E8002F22F41C
:107B3000907241E80023002BF5D10168143151E81F
:107B4000002F22F0010241E80023002BF5D1016B48
:107B5000012909D101680C3151E8002F22F01002EF
:107B600041E80023002BF5D1202180F842100021AC
:107B70000163704701680C3151E8002F22F0C00208
:107B800041E80023002BF5D1202180F841107047F7
:107B900008B590F84210222901D0022008BD826861
:107BA0004FF480539A4201D1016921B1816A9A420E
:107BB0001BD04AB10AE00268816A5268C2F3080227
:107BC0000A80816A891C08E0026972B10268526801
:107BD00002F07F020A70816A491C8162C18D491ED0
:107BE0000904090CC18503D01BE002685268F1E763
:107BF0000168CA6822F02002CA600168CA6822F4DB
:107C00008072CA6001684A6922F001024A6120213B
:107C100080F8421000214163026B012A03D0FDF776
:107C200099FC002008BD016301680C3151E8002F68
:107C300022F0100241E80023002BF5D101680A6808
:107C4000D20602D50A6849680091818DFDF70CF9CA
:107C5000E7E7000070B5044600680169E26821F4B6
:107C60004051114301612169A068E26908436169DB
:107C7000114308432168CA6849F20C639A430243DE
:107C8000CA6020684169A26921F4407111434161D1
:107C900031492068884202D03049884202D1FCF73D
:107CA0001DFD01E0FCF70AFDE269002319216425AE
:107CB0003226B2F5004F626828D0A0FB0101930F75
:107CC0009200F8F791FA0146B0FBF5F06FF0180258
:107CD000504301EB800006EB0010B0FBF5F000F024
:107CE000F002B1FBF5F002EB0012B1FBF5F06FF022
:107CF0001803584301EB800006EB0010B0FBF5F0D1
:107D000000F00F0021681044886070BDA0FB0101E5
:107D100092185B41F8F768FA0146B0FBF5F00201F2
:107D2000B1FBF5F06FF01803584301EB800006EB50
:107D3000C000B0FBF5F000F0F80002EB4002B1FB30
:107D4000F5F0584301EB800006EBC000B0FBF5F006
:107D500000F00700D6E700000010014000140140C9
:107D600038B5816204468285002013466064222271
:107D700084F84220E56B1B4AEA63E56B1A4A2A64E1
:107D8000E56B1A4AEA64E26B10650A462168E06B0B
:107D9000091DFBF7FFFC206801684068009020691E
:107DA00048B120680C3050E8001F41F4807140E871
:107DB0000012002AF5D12068143050E8001F41F06D
:107DC000010140E80012002AF5D12068143050E883
:107DD000001F41F0400140E80012002AF5D10020C8
:107DE00038BD0000377A0008BD7A0008ED79000838
:107DF0000148FDF781B800002C0300200148FDF781
:107E00007BB80000740300200148FDF775B800003E
:107E1000BC030020FEE70000014800787047000026
:107E20007410002010B5F9F7A9FCF9F78FFD02498D
:107E30003220087010BD000074100020034908783B
:107E4000002801D0401E0870704700007410002008
:107E500030B50C46050014D0022C12D90A48A11ED8
:107E600002882846FAF7B6F92919C2B211F8023C7D
:107E70009A4206D111F8011CB1EB102F01D101205B
:107E800030BD002030BD0000BA00002030B50C46E7
:107E900005000ED0022C0CD9601E81B2FF222846AC
:107EA000FAF7AEF9291911F8011C814201D101201C
:107EB00030BD002030BD0000064901EBC000D0F805
:107EC0001F1021B1D0F8230000EE100A70479FED7B
:107ED000020A7047700D0020000000002DE9F041FB
:107EE0002A4C607F002815D10A206077217F04F199
:107EF0009F000027804679B101290BD101461E223F
:107F00002348FCF78AFF23480068016821F0080134
:107F100001602777BDE8F081A07F0128FAD1002514
:107F20004FEA050604EBC60000F12303D0F81F104A
:107F300000224046FAF711F900B10546761CF6B268
:107F4000102EEFD3F5B10820FFF7B6FFB5EEC00A4B
:107F5000F1EE10FA01D1012200E000220E4D0821BD
:107F60002846FBF76EFD0E20FFF7A6FFB5EEC00A10
:107F7000F1EE10FA01D1012200E00022042128468E
:107F8000FBF75FFDA77701202077C3E7700D002086
:107F9000E402002064040020001802400FB4084BE3
:107FA00010B504A902AA039800F084FA044602A9B5
:107FB000002000F002FE204610BC5DF814FB00001B
:107FC000BB8B00084100080218BF04200A0E18BF2E
:107FD00040F001004FF07F4232EA010108BF40F05B
:107FE0000200012808BF052070470907090E002874
:107FF00004DB00F1E02080F80014704700F00F006F
:1080000000F1E02080F8141D7047000010B510EE5C
:10801000104A4FF01A402DED028B00EB4400B0F1F6
:10802000C85F4AD84FF0FC40B0EB440F22D2B0EE0C
:10803000C00AF7EE000A30EEC00AF6EE000A20EEA3
:10804000208A18EE100A00F061FE00EE100A14F00B
:10805000004F1DBF9FED281ADFED280AB1EE400A40
:108060009FED271A08BFF0EE410AF8EE001A20EE45
:10807000210A05E020EE008A9FED221ADFED220A98
:10808000DFED221A9FED222A70EEC00A20EE080AC8
:1080900008EE212ADFED1F1A48EE021A9FED1E2A74
:1080A00008EE212ADFED1D1A48EE021ABDEC028B04
:1080B00040EE610A30EE810A10BD4FF0CC40B0EBCB
:1080C000440F82BF9FED160ABDEC028B10BD4FF02E
:1080D0007F40B0EB440F05D2BDEC028BBDE81040F1
:1080E00000F0EFB8012000F015F9BDEC028BBDE8FF
:1080F000104000F0E9B800000000494022AA7D3A93
:10810000000000000000C93F22AAFD3924FE1C3DEA
:10811000C78AD83C1E67383D1B93993DAFAA2A3EBB
:10812000DB0FC93F10B54FF00E402DED028BB0EEC6
:10813000408A18EE104A00EB4400B0F1506F4AD864
:108140004FF0FC40B0EB440F22D2B0EEC80AF7EE7D
:10815000000A30EEC00AF6EE000A60EE208A18EE41
:10816000900A00F0D3FD01EE100A14F0004F1DBF7D
:10817000DFED2D0A9FED2D0AB1EE411ADFED2C0A3D
:1081800008BF9FED2C0AF8EE001A21EE218A05E0C7
:10819000DFED290A68EE088AB0EE600A9FED271A23
:1081A000DFED271A30EE080A48EE811A9FED251AF6
:1081B00008EEA11ADFED241A48EE811A9FED231A6A
:1081C00008EEA11A68EE281ABDEC028B01EE810AB6
:1081D00030EE200A10BD4FF0E440B0EB440F0CD954
:1081E00018EE100AFFF7EEFE042808BF00F074F83E
:1081F000B0EE480ABDEC028B10BD4FF07F40B0EBF3
:10820000440F07D2B0EE480ABDEC028BBDE8104027
:1082100000F057B8012000F07DF8BDEC028BBDE8FE
:10822000104000F051B800000000C9BF22AAFDB9FB
:108230000000C93F22AAFD390000000024FE1C3DB9
:10824000C78AD83C1E67383D1B93993DAFAA2A3E8A
:1082500030B583B0044600F047F89FED090B0546A2
:108260008DED000B002221466846F8F756FA2846A5
:1082700000F050F89DED000B03B030BD0000000091
:10828000000000000000000010B52DED028BB1EEE3
:10829000C08A18EE100A20F00040C0F1FF40C00F65
:1082A0000AD010EE100A20F00040C0F1FF40C00FCD
:1082B00004BF012000F02EF8B0EE480ABDEC028B9E
:1082C00010BD30EE000A7047DFED020A80EEA00A12
:1082D00070470000000000009FED020A20EE000A37
:1082E000704700000000001001480068704700005F
:1082F000EC00002002E008C8121F08C1002AFAD1D1
:1083000070477047002001E001C1121F002AFBD115
:10831000704700000149086070470000EC00002031
:108320002DE9FF5F82B00021DDE90430020DDDF8A8
:1083300040B0034318D044F61050A2F2FF3242433B
:108340001514119801281FD0A5EB0B00401C5FEA03
:10835000000A4FF000064E4FDFF83891B046504605
:1083600015D5CAF1000413E0119801244AA301288D
:1083700001D16FEA0B010298119AC0E90031C0E9FE
:10838000024206B0BDE8F09FCBF10000DFE70446F3
:108390000021404A491842EB0450CDE9001012E098
:1083A000E00707D032463B4640464946F8F731F8E9
:1083B0008046894632463B4610461946F8F729F86A
:1083C00006460F466410002CEAD1DDE90401DDE920
:1083D0000023BAF1000F06DAF8F71BF842464B46C5
:1083E000F8F717F805E0F8F786F842464B46F8F735
:1083F00082F804460E460022284BF8F76DFA03D89F
:108400004FF0FF30014607E00022254B2046314661
:10841000F7F758FFF8F748FA102409E0002C0ADBB8
:108420000A220023F7F7E0FE039B30321A55641E40
:1084300050EA0102F2D1641C039AC4F111031444FE
:10844000119A012A03D0012208430DD10AE0084302
:1084500004D000204FF0110B119072E7A3EB0B0535
:108460006D1E0DE05B4504DD4FF0000205F10105D6
:1084700004E003DA4FF00002A5F10105002AECD078
:1084800002981199C0E90231C0E9004579E700007E
:10849000000014400000F03F300000000000F043F6
:1084A0000000E03F30380A2801D201207047002048
:1084B000704700002DE9FF4F95B09A468846064662
:1084C0000025EEE1252877D100242746F94A01212D
:1084D000039400E0044316F8013F203B01FA03F047
:1084E0001042F7D130782A2811D06FF02F0330785E
:1084F000A0F13002092A16D8039A44F0020402EBD4
:10850000820203EB42021044761C0390EFE758F816
:10851000042B0392002A03DA504244F400540390DF
:1085200044F00204761C30782E2816D116F8010F7C
:1085300044F004042A280DD06FF02F023078A0F107
:108540003003092B09D807EB870302EB4303C71855
:10855000761CF3E758F8047B761C30786C280FD033
:1085600006DC4C2817D068280DD06A2814D104E006
:10857000742810D07A280FD10DE044F400140AE0DA
:1085800044F4801401E044F440147278824202D131
:1085900004F58014761C761C307866280BD013DC2A
:1085A000582877D009DC002875D04528F6D0462811
:1085B000F4D047281AD193E118E0632835D0642815
:1085C00079D0652812D18BE1702873D008DC672838
:1085D000F1D069286FD06E280DD06F2806D1ACE09D
:1085E00073282CD0752874D0782853D05246179908
:1085F00090476D1C54E1C4F30250022809D00328AF
:108600000DD0D8F8001004280DD00D6008F1040832
:1086100046E1D8F80010EA17C1E90052F6E7D8F8A9
:1086200000100D80F2E70D70F0E718F8041B8DF8CC
:10863000001000208DF80100EB46012003E058F8FF
:1086400004BB4FF0FF3061074FF0000102D40DE092
:1086500009F101018946B9420FDA8145F8DB1BF8BF
:1086600009100029F4D108E009F10101894681428D
:10867000FADB1BF809100029F6D103985346A0EB4A
:10868000090721463846179A00F080FA284400EB83
:10869000090507E044E008E10DE01BF8010B524634
:1086A00017999047B9F10109F7D253462146384648
:1086B000179AF2E039E00A21C4F302524FF0000B9E
:1086C0000091022A06D058F8040BC117032A09D0DA
:1086D0000AE023E008F1070020F00702F2E80201B7
:1086E000904605E000B2C117042A01D140B2C1177B
:1086F000002906DA0A460021404261EB02012D22E0
:1087000002E0220504D52B228DF80420012203E08B
:10871000E20701D02022F7E7914657E00A2100E066
:1087200010214FF0000B00910BE010214FF0000BD7
:1087300044F004040827009103E008204FF0000BE8
:108740000090C4F30252022A05D058F8040B00210D
:10875000032A08D008E008F1070020F00702F2E839
:108760000201904603E080B2042A00D1C0B24FF06B
:10877000000922072AD53278702A07D0DDF800C018
:108780008CF0100C5CEA0B0C05D00EE040228DF84A
:108790000420012208E050EA010306D030238DF8BE
:1087A00004308DF8052002229146009B83F00803D7
:1087B00053EA0B030AD150EA010201D1620705D541
:1087C00030228DF804204FF001097F1E3278582A9C
:1087D00004D039A20C920CAA02920BE03BA2F9E75A
:1087E0005B46009AF7F700FD0C9B9B5C029A521EB9
:1087F0000292137050EA0102F2D1029804A9081AF9
:1088000000F1200B600702D524F4803400E001273A
:108810005F4502DDA7EB0B0000E0002000EB0B0141
:10882000009003984944401A0390E00306D453464D
:108830002146179A039800F0A9F90544002706E09D
:1088400001A85246C05D179990476D1C7F1C4F458B
:10885000F6DBE0030CD553462146179A039800F047
:1088600095F9054404E030205246179990476D1C55
:108870000099481E00900029F5DC08E00298029952
:1088800052460078491C0291179990476D1CBBF124
:108890000001ABF1010BF1DC5BE100F065F905448F
:1088A000761C307800287FF40DAE19B02846BDE85C
:1088B000F08F00000928010030313233343536376B
:1088C000383961626364656600000000303132331C
:1088D00034353637383941424344454600000000BC
:1088E000600700D4062708F1070020F00700F0E831
:1088F0000223804603F0004C5FEA0C0001D097A0F1
:1089000009E0200501D596A005E0E00701D095A07B
:1089100001E0AFF24C001390307823F0004365285B
:108920000CD006DC452809D046281DD047287FD129
:108930003BE0662818D067287AD136E00021112F55
:1089400001DB112000E0781CCDE9000104A90CA88E
:10895000FFF7E6FCDDE90D010C9A4FF0000B07F183
:108960000109109200914EE04FF000400097CDE9D0
:10897000011004A90CA8FFF7D3FCDDE90D020C9B44
:108980000F994FF0000B91461093009211B9791C8A
:1089900000EB0109B7EB090003D4C0F1FF3B07F17D
:1089A0000109A9EB0700019042E0012F00DA01273D
:1089B0000021112F01DD112000E03846CDE9000132
:1089C00004A90CA8FFF7ACFCDDE90D010C9A00919D
:1089D0004FF0000BB946109221070FD4009A4A4578
:1089E00003DA914601E0A9F10109B9F1010F05DDB2
:1089F000109AA9F10101515C3029F4D0B84202DA91
:108A000010F1040F03DA0121CDE9011010E0002874
:108A100003DC8344A9EB000102E0411C494500DD71
:108A20008946A0EB0B00401C01904FF000400290E3
:108A3000200705D40198484502DB4FF0FF30019034
:108A400000208DF84B0002980DF14B07B0F1004F5C
:108A500025D002200C902B200D90029800280CDAD3
:108A6000404202902D200D9007E00A210298F7F76E
:108A7000F1FD3031029007F8011D0C99481E0C9051
:108A80000029F2DC02980028EFD1791E0D980870B9
:108A9000307800F0200040F0450007F8020D11A8E2
:108AA000C01BC01D02901398007800B1012000EB9C
:108AB0000901019801EBE071029801440398401A02
:108AC000401E0390E00306D453462146179A0398AC
:108AD00000F05CF805441398007818B152461799D5
:108AE00090476D1CE00323D553462146179A0398FF
:108AF00000F04CF805441BE0BBF1000F07DB0098C9
:108B0000584504DD1098179910F80B0001E01799EB
:108B100030205246904701980BF1010B401E05F1A1
:108B20000105019004D12E205246179990476D1CE3
:108B3000B9F10001A9F10109DEDC05E017F8010B2C
:108B40005246179990476D1C0299481E02900029C1
:108B5000F4DC53462146179A03989EE62D00000048
:108B60002B000000200000002DE9F0410446002504
:108B70001E461746880404D405E039462020B04735
:108B80006D1C641EF9D52846BDE8F0812DE9F04141
:108B9000044600251E469046C80301D5302700E054
:108BA0002027880404D505E041463846B0476D1CAF
:108BB000641EF9D52846BDE8F0810A68531C0B6095
:108BC00010707047F0B50388002541F221070CE0D2
:108BD0004C5D002683EA04235C001B0400D57C4026
:108BE000761C2346082EF7D36D1C9542F0D30380E4
:108BF000F0BDFBF7FFFBFEF71BFEFDF72FFEFDF7B9
:108C0000C7FDFDF781FDFDF737FFFDF773FFFDF7AA
:108C1000D7FEFDF79BFDFDF713FFFDF74FFFFDF7B7
:108C2000A1FEFDF7F1FEF8F777F8F8F7A5F8FCE7F5
:108C300090F83810DFED320A012904D0B0EE600A56
:108C400080ED090A704790ED011A2E4A70EE411A24
:108C500011EE901A914208DA31EE001A2A4A11EE0A
:108C6000101A914201D2B0EE600AD0ED040A70EE03
:108C7000800AC0ED040A90ED001A70EE411AC0EDB2
:108C8000031A80ED000A90ED051AF4EEC10AF1EE28
:108C900010FA06DCB1EE411AF4EEC10AF1EE10FA58
:108CA00001D280ED041AD0ED060A60EE800AC0ED14
:108CB0000B0A90ED070A90ED041A20EE010A80EDF0
:108CC0000C0A90ED081A30EE800A21EE211A80ED90
:108CD0000D1A30EE010A80ED090AD0ED0A0AB4EE51
:108CE000E00AF1EE10FA06DCF1EE600AB4EEE00AFA
:108CF000F1EE10FA01D2C0ED090A90ED090A7047B1
:108D00000000000017B7D13817B7D1B810B500EE82
:108D1000100A2DED028BB1EEC08A18EE100A20F079
:108D20000040C0F1FF40C00F0AD010EE100A20F042
:108D30000040C0F1FF40C00F04BF0120FFF7EAFA76
:108D400018EE100ABDEC028B10BD01EE100A70EE99
:108D5000C00A0120B8EEC11A8840401E21EE201A38
:108D600000EE900AF8EEE01AC1EE210A30EE800A19
:108D70007047000070B508B302291FD98A1E94B24B
:108D80000F4A03460F4E128808E000BF13F8015B3C
:108D90005540EDB236F8155085EA1222641EA4B291
:108DA000F4D20844D3B210F8021C8B4206D110F85A
:108DB000010CB0EB122F01D1012070BD002070BD5D
:108DC0009C000020C88D00080000891112239B32EE
:108DD0002446AD573665BF74488CC19D5AAFD3BE8B
:108DE0006CCAE5DB7EE9F7F88110080193331A229B
:108DF000A5562C47B7753E64C99C408DDBBF52AE6B
:108E0000EDDA64CBFFF976E802218B30100299137A
:108E10002667AF763444BD554AADC3BC588ED19F4A
:108E20006EEBE7FA7CC8F5D983310A20911218035A
:108E3000A7772E66B5543C45CBBD42ACD99E508F2A
:108E4000EFFB66EAFDD874C904428D5316619F702A
:108E50002004A9153227BB364CCEC5DF5EEDD7FC0A
:108E60006888E1997AABF3BA85520C4397711E601A
:108E7000A1142805B3373A26CDDE44CFDFFD56ECEA
:108E8000E9986089FBBB72AA06638F7214409D51FA
:108E90002225AB343006B9174EEFC7FE5CCCD5DDCA
:108EA0006AA9E3B8788AF19B87730E6295501C41DA
:108EB000A3352A24B1163807CFFF46EEDDDC54CDAA
:108EC000EBB962A8F99A708B088481951AA793B6BA
:108ED0002CC2A5D33EE1B7F04008C919522BDB3AAA
:108EE000644EED5F766DFF7C899400859BB712A67A
:108EF000ADD224C3BFF136E0C1184809D33B5A2A8A
:108F0000E55E6C4FF77D7E6C0AA583B41886919759
:108F10002EE3A7F23CC0B5D14229CB38500AD91B69
:108F2000666FEF7E744CFD5D8BB502A49996108739
:108F3000AFF326E2BDD034C1C3394A28D11A580B49
:108F4000E77F6E6EF55C7C4D0CC685D71EE597F409
:108F50002880A1913AA3B3B2444ACD5B5669DF7829
:108F6000600CE91D722FFB3E8DD604C79FF516E4F9
:108F7000A9902081BBB332A2C55A4C4BD7795E6809
:108F8000E11C680DF33F7A2E0EE787F61CC495D5D9
:108F90002AA1A3B03882B193466BCF7A5448DD59E9
:108FA000622DEB3C700EF91F8FF706E69DD414C5B9
:108FB000ABB122A0B9923083C77B4E6AD5585C49C9
:108FC000E33D6A2CF11E780F005EBCE2613FDD8359
:108FD000C29C7E20A3FD1F419DC3217FFCA2401E99
:108FE0005F01E3BD3E6082DC237D9FC1421CFEA089
:108FF000E1BF5D0380DE3C62BEE0025CDF81633D79
:109000007C22C09E1D43A1FF4618FAA427799BC568
:1090100084DA3866E5BB5907DB856739BAE4065858
:109020001947A5FB7826C49A653BD987045AB8E648
:10903000A7F91B45C6987A24F8A6441A99C7257B38
:109040003A6486D85B05E7B98CD2306EEDB3510F28
:109050004E10F2AC2F7193CD114FADF3702ECC9218
:10906000D38D6F31B2EC0E50AFF1134DCE90722C08
:109070006D33D18F0C52B0EE326C8ED0530DEFB1F8
:10908000F0AE4C1291CF2D73CA947628ABF51749E8
:109090000856B4EA6937D58B5709EBB536688AD4D8
:1090A00095CB2977F4AA4816E9B7550B88D6346AC8
:1090B0002B7597C94A14F6A8742AC896154BA9F7B8
:1090C000B6E80A54D7896B350000891112239B3208
:1090D0002446AD573665BF74488CC19D5AAFD3BE88
:1090E0006CCAE5DB7EE9F7F88110080193331A2298
:1090F000A5562C47B7753E64C99C408DDBBF52AE68
:10910000EDDA64CBFFF976E802218B301002991377
:109110002667AF763444BD554AADC3BC588ED19F47
:109120006EEBE7FA7CC8F5D983310A209112180357
:10913000A7772E66B5543C45CBBD42ACD99E508F27
:10914000EFFB66EAFDD874C904428D5316619F7027
:109150002004A9153227BB364CCEC5DF5EEDD7FC07
:109160006888E1997AABF3BA85520C4397711E6017
:10917000A1142805B3373A26CDDE44CFDFFD56ECE7
:10918000E9986089FBBB72AA06638F7214409D51F7
:109190002225AB343006B9174EEFC7FE5CCCD5DDC7
:1091A0006AA9E3B8788AF19B87730E6295501C41D7
:1091B000A3352A24B1163807CFFF46EEDDDC54CDA7
:1091C000EBB962A8F99A708B088481951AA793B6B7
:1091D0002CC2A5D33EE1B7F04008C919522BDB3AA7
:1091E000644EED5F766DFF7C899400859BB712A677
:1091F000ADD224C3BFF136E0C1184809D33B5A2A87
:10920000E55E6C4FF77D7E6C0AA583B41886919756
:109210002EE3A7F23CC0B5D14229CB38500AD91B66
:10922000666FEF7E744CFD5D8BB502A49996108736
:10923000AFF326E2BDD034C1C3394A28D11A580B46
:10924000E77F6E6EF55C7C4D0CC685D71EE597F406
:109250002880A1913AA3B3B2444ACD5B5669DF7826
:10926000600CE91D722FFB3E8DD604C79FF516E4F6
:10927000A9902081BBB332A2C55A4C4BD7795E6806
:10928000E11C680DF33F7A2E0EE787F61CC495D5D6
:109290002AA1A3B03882B193466BCF7A5448DD59E6
:1092A000622DEB3C700EF91F8FF706E69DD414C5B6
:1092B000ABB122A0B9923083C77B4E6AD5585C49C6
:1092C000E33D6A2CF11E780F0006101600061016FA
:1092D0000000000000000000010203040607080966
:1092E0000000000001020304DDDDDDDDDCBBBBDDD1
:1092F000DDDDDDDDDDDDDDDD988888888888888836
:109300007777777777888888855555566666666655
:109310006666666666688888833333322222222234
:10932000222222222228888D489300080000002053
:10933000F0000000F482000838940008F0000020DB
:10934000C0150000048300080000000000000000B9
:10935000000000000000000000000000000000000D
:1093600000000000000000000000000000000000FD
:1093700000000000000000000000000000000000ED
:1093800000000000000000000000000000000000DD
:109390000000000000F00000200002FF0100023485
:1093A0000C00200400000000F0000020FF01FF027C
:1093B0000402B40C0020020000000018010020008C
:1093C00002FF010002F40C00200200000000000077
:1093D0000000000000F000002000030103820000F4
:1093E00020070000FFFF0000000000000000000058
:1093F000000000000000520B000000000000000010
:109400000000FFFF0000000000000000000000005E
:109410000000000048656C6C6F20576F726C64210F
:10942000210D0A00010000001000000000000000F3
:089430000024F400000000001C
:04000005080001AD41
:00000001FF
