#
# There is insufficient memory for the Java Runtime Environment to continue.
# Native memory allocation (malloc) failed to allocate 2755120 bytes for Chunk::new
# Possible reasons:
#   The system is out of physical RAM or swap space
#   The process is running with CompressedOops enabled, and the Java Heap may be blocking the growth of the native heap
# Possible solutions:
#   Reduce memory load on the system
#   Increase physical memory or swap space
#   Check if swap backing store is full
#   Decrease Java heap size (-Xmx/-Xms)
#   Decrease number of Java threads
#   Decrease Java thread stack sizes (-Xss)
#   Set larger code cache with -XX:ReservedCodeCacheSize=
#   JVM is running with Zero Based Compressed Oops mode in which the Java heap is
#     placed in the first 32GB address space. The Java Heap base address is the
#     maximum limit for the native heap growth. Please use -XX:HeapBaseMinAddress
#     to set the Java Heap base and to place the Java Heap above 32GB virtual address.
# This output file may be truncated or incomplete.
#
#  Out of Memory Error (arena.cpp:189), pid=22772, tid=1596
#
# JRE version: OpenJDK Runtime Environment Temurin-17.0.8.1+1 (17.0.8.1+1) (build 17.0.8.1+1)
# Java VM: OpenJDK 64-Bit Server VM Temurin-17.0.8.1+1 (17.0.8.1+1, mixed mode, tiered, compressed oops, compressed class ptrs, g1 gc, windows-amd64)
# No core dump will be written. Minidumps are not enabled by default on client versions of Windows
#

---------------  S U M M A R Y ------------

Command Line: -Djavax.net.ssl.trustStoreType=WINDOWS-ROOT com.st.microxplorer.maingui.STM32CubeMX F:\RM_Program\RM_Code_Program\Template\RM_Hero\RM_Hero_UP_Board\RM_Template.ioc

Host: AMD Ryzen 5 5600G with Radeon Graphics         , 12 cores, 15G,  Windows 10 , 64 bit Build 19041 (10.0.19041.5198)
Time: Thu Mar  6 23:03:27 2025  Windows 10 , 64 bit Build 19041 (10.0.19041.5198) elapsed time: 51.875679 seconds (0d 0h 0m 51s)

---------------  T H R E A D  ---------------

Current thread (0x0000013072dfc280):  JavaThread "C2 CompilerThread2" daemon [_thread_in_native, id=1596, stack(0x0000000cb3400000,0x0000000cb3500000)]


Current CompileTask:
C2:  51875 8295 %     4       com.st.microxplorer.mcu.IP::completeIPConfiguration @ 631 (1339 bytes)

Stack: [0x0000000cb3400000,0x0000000cb3500000]
Native frames: (J=compiled Java code, j=interpreted, Vv=VM code, C=native code)
V  [jvm.dll+0x678b0a]
V  [jvm.dll+0x835e84]
V  [jvm.dll+0x83762e]
V  [jvm.dll+0x837c93]
V  [jvm.dll+0x24746f]
V  [jvm.dll+0xac20c]
V  [jvm.dll+0xac7dc]
V  [jvm.dll+0x365ca7]
V  [jvm.dll+0x3301a1]
V  [jvm.dll+0x32f64a]
V  [jvm.dll+0x219bf1]
V  [jvm.dll+0x219011]
V  [jvm.dll+0x1a534d]
V  [jvm.dll+0x228d8a]
V  [jvm.dll+0x226dcc]
V  [jvm.dll+0x7ec09b]
V  [jvm.dll+0x7e64ca]
V  [jvm.dll+0x677955]
C  [ucrtbase.dll+0x21bb2]
C  [KERNEL32.DLL+0x17374]
C  [ntdll.dll+0x4cc91]


---------------  P R O C E S S  ---------------

Threads class SMR info:
_java_thread_list=0x0000013075ae2790, length=24, elements={
0x0000013063bbf610, 0x0000013063bc2cc0, 0x0000013063c002d0, 0x0000013063c00c90,
0x0000013063c01df0, 0x0000013063bd7d20, 0x0000013063c1e010, 0x0000013063c1edd0,
0x0000013063c22380, 0x0000013063da5f60, 0x0000013063db7530, 0x000001306853e1e0,
0x000001306853cc20, 0x00000130691355f0, 0x0000013069134bd0, 0x0000013069133280,
0x0000013069133ca0, 0x00000130691346c0, 0x0000013075279c30, 0x0000013075279720,
0x0000013075280170, 0x0000013072b532e0, 0x0000013072dfc280, 0x000001307527de00
}

Java Threads: ( => current thread )
  0x0000013063bbf610 JavaThread "Reference Handler" daemon [_thread_blocked, id=13992, stack(0x0000000cb0e00000,0x0000000cb0f00000)]
  0x0000013063bc2cc0 JavaThread "Finalizer" daemon [_thread_blocked, id=27604, stack(0x0000000cb0f00000,0x0000000cb1000000)]
  0x0000013063c002d0 JavaThread "Signal Dispatcher" daemon [_thread_blocked, id=3272, stack(0x0000000cb1000000,0x0000000cb1100000)]
  0x0000013063c00c90 JavaThread "Attach Listener" daemon [_thread_blocked, id=21720, stack(0x0000000cb1100000,0x0000000cb1200000)]
  0x0000013063c01df0 JavaThread "Service Thread" daemon [_thread_blocked, id=21248, stack(0x0000000cb1200000,0x0000000cb1300000)]
  0x0000013063bd7d20 JavaThread "Monitor Deflation Thread" daemon [_thread_blocked, id=16332, stack(0x0000000cb1300000,0x0000000cb1400000)]
  0x0000013063c1e010 JavaThread "C2 CompilerThread0" daemon [_thread_in_native, id=13600, stack(0x0000000cb1400000,0x0000000cb1500000)]
  0x0000013063c1edd0 JavaThread "C1 CompilerThread0" daemon [_thread_blocked, id=10828, stack(0x0000000cb1500000,0x0000000cb1600000)]
  0x0000013063c22380 JavaThread "Sweeper thread" daemon [_thread_blocked, id=8156, stack(0x0000000cb1600000,0x0000000cb1700000)]
  0x0000013063da5f60 JavaThread "Notification Thread" daemon [_thread_blocked, id=4436, stack(0x0000000cb1700000,0x0000000cb1800000)]
  0x0000013063db7530 JavaThread "Common-Cleaner" daemon [_thread_blocked, id=16856, stack(0x0000000cb1900000,0x0000000cb1a00000)]
  0x000001306853e1e0 JavaThread "Java2D Disposer" daemon [_thread_blocked, id=17392, stack(0x0000000cb2300000,0x0000000cb2400000)]
  0x000001306853cc20 JavaThread "AWT-Windows" daemon [_thread_in_native, id=248, stack(0x0000000cb2500000,0x0000000cb2600000)]
  0x00000130691355f0 JavaThread "D3D Screen Updater" daemon [_thread_blocked, id=15708, stack(0x0000000cb2d00000,0x0000000cb2e00000)]
  0x0000013069134bd0 JavaThread "AWT-Shutdown" [_thread_blocked, id=28404, stack(0x0000000cb2a00000,0x0000000cb2b00000)]
  0x0000013069133280 JavaThread "AWT-EventQueue-0" [_thread_blocked, id=9432, stack(0x0000000cb2b00000,0x0000000cb2c00000)]
  0x0000013069133ca0 JavaThread "DestroyJavaVM" [_thread_blocked, id=23440, stack(0x0000000cb0700000,0x0000000cb0800000)]
  0x00000130691346c0 JavaThread "TimerQueue" daemon [_thread_blocked, id=13828, stack(0x0000000cb3200000,0x0000000cb3300000)]
  0x0000013075279c30 JavaThread "Keep-Alive-Timer" daemon [_thread_blocked, id=6028, stack(0x0000000cb3000000,0x0000000cb3100000)]
  0x0000013075279720 JavaThread "Image Fetcher 0" daemon [_thread_blocked, id=9004, stack(0x0000000cb3500000,0x0000000cb3600000)]
  0x0000013075280170 JavaThread "Image Fetcher 1" daemon [_thread_blocked, id=11960, stack(0x0000000cb2c00000,0x0000000cb2d00000)]
  0x0000013072b532e0 JavaThread "C2 CompilerThread1" daemon [_thread_in_native, id=26936, stack(0x0000000cb3300000,0x0000000cb3400000)]
=>0x0000013072dfc280 JavaThread "C2 CompilerThread2" daemon [_thread_in_native, id=1596, stack(0x0000000cb3400000,0x0000000cb3500000)]
  0x000001307527de00 JavaThread "SwingWorker-pool-2-thread-1" daemon [_thread_in_Java, id=18360, stack(0x0000000cb2f00000,0x0000000cb3000000)]

Other Threads:
  0x0000013063b42640 VMThread "VM Thread" [stack: 0x0000000cb0d00000,0x0000000cb0e00000] [id=4148]
  0x0000013063dac490 WatcherThread [stack: 0x0000000cb1800000,0x0000000cb1900000] [id=27032]
  0x00000130404c3ed0 GCTaskThread "GC Thread#0" [stack: 0x0000000cb0800000,0x0000000cb0900000] [id=11400]
  0x00000130686a2230 GCTaskThread "GC Thread#1" [stack: 0x0000000cb1b00000,0x0000000cb1c00000] [id=15856]
  0x00000130686a24f0 GCTaskThread "GC Thread#2" [stack: 0x0000000cb1c00000,0x0000000cb1d00000] [id=24804]
  0x0000013068374390 GCTaskThread "GC Thread#3" [stack: 0x0000000cb1d00000,0x0000000cb1e00000] [id=21328]
  0x0000013068374c60 GCTaskThread "GC Thread#4" [stack: 0x0000000cb1e00000,0x0000000cb1f00000] [id=13904]
  0x0000013068545390 GCTaskThread "GC Thread#5" [stack: 0x0000000cb1f00000,0x0000000cb2000000] [id=22320]
  0x0000013068545650 GCTaskThread "GC Thread#6" [stack: 0x0000000cb2000000,0x0000000cb2100000] [id=20420]
  0x0000013068cea570 GCTaskThread "GC Thread#7" [stack: 0x0000000cb2100000,0x0000000cb2200000] [id=18384]
  0x0000013068ceb040 GCTaskThread "GC Thread#8" [stack: 0x0000000cb2200000,0x0000000cb2300000] [id=11228]
  0x000001306950e250 GCTaskThread "GC Thread#9" [stack: 0x0000000cb1a00000,0x0000000cb1b00000] [id=14812]
  0x00000130404d4b90 ConcurrentGCThread "G1 Main Marker" [stack: 0x0000000cb0900000,0x0000000cb0a00000] [id=16624]
  0x00000130404d54a0 ConcurrentGCThread "G1 Conc#0" [stack: 0x0000000cb0a00000,0x0000000cb0b00000] [id=5216]
  0x00000130684fc1b0 ConcurrentGCThread "G1 Conc#1" [stack: 0x0000000cb2800000,0x0000000cb2900000] [id=30692]
  0x0000013069508680 ConcurrentGCThread "G1 Conc#2" [stack: 0x0000000cb2900000,0x0000000cb2a00000] [id=25464]
  0x000001304050e660 ConcurrentGCThread "G1 Refine#0" [stack: 0x0000000cb0b00000,0x0000000cb0c00000] [id=4744]
  0x0000013069829150 ConcurrentGCThread "G1 Refine#1" [stack: 0x0000000cb3700000,0x0000000cb3800000] [id=18812]
  0x00000130680bf350 ConcurrentGCThread "G1 Refine#2" [stack: 0x0000000cb3800000,0x0000000cb3900000] [id=2444]
  0x00000130752ab080 ConcurrentGCThread "G1 Refine#3" [stack: 0x0000000cb3900000,0x0000000cb3a00000] [id=13764]
  0x00000130752ab660 ConcurrentGCThread "G1 Refine#4" [stack: 0x0000000cb3a00000,0x0000000cb3b00000] [id=12136]
  0x00000130752ac800 ConcurrentGCThread "G1 Refine#5" [stack: 0x0000000cb3b00000,0x0000000cb3c00000] [id=29212]
  0x00000130752abf30 ConcurrentGCThread "G1 Refine#6" [stack: 0x0000000cb3c00000,0x0000000cb3d00000] [id=14832]
  0x00000130752ac220 ConcurrentGCThread "G1 Refine#7" [stack: 0x0000000cb3d00000,0x0000000cb3e00000] [id=23948]
  0x00000130639f4190 ConcurrentGCThread "G1 Service" [stack: 0x0000000cb0c00000,0x0000000cb0d00000] [id=29380]

Threads with active compile tasks:
C2 CompilerThread0    51889 8402       4       org.apache.xerces.impl.XMLScanner::scanAttributeValue (996 bytes)
C2 CompilerThread1    51889 8321       4       com.st.microxplorer.util.LogicalParser::rewriteCondition (521 bytes)
C2 CompilerThread2    51889 8295 %     4       com.st.microxplorer.mcu.IP::completeIPConfiguration @ 631 (1339 bytes)

VM state: not at safepoint (normal execution)

VM Mutex/Monitor currently owned by a thread: None

Heap address: 0x0000000709200000, size: 3950 MB, Compressed Oops mode: Zero based, Oop shift amount: 3

CDS archive(s) not mapped
Compressed class space mapped at: 0x0000000800000000-0x0000000840000000, reserved size: 1073741824
Narrow klass base: 0x0000000800000000, Narrow klass shift: 0, Narrow klass range: 0x40000000

GC Precious Log:
 CPUs: 12 total, 12 available
 Memory: 15799M
 Large Page Support: Disabled
 NUMA Support: Disabled
 Compressed Oops: Enabled (Zero based)
 Heap Region Size: 2M
 Heap Min Capacity: 8M
 Heap Initial Capacity: 248M
 Heap Max Capacity: 3950M
 Pre-touch: Disabled
 Parallel Workers: 10
 Concurrent Workers: 3
 Concurrent Refinement Workers: 10
 Periodic GC: Disabled

Heap:
 garbage-first heap   total 870400K, used 216452K [0x0000000709200000, 0x0000000800000000)
  region size 2048K, 48 young (98304K), 15 survivors (30720K)
 Metaspace       used 70346K, committed 71232K, reserved 1114112K
  class space    used 7947K, committed 8384K, reserved 1048576K

Heap Regions: E=young(eden), S=young(survivor), O=old, HS=humongous(starts), HC=humongous(continues), CS=collection set, F=free, OA=open archive, CA=closed archive, TAMS=top-at-mark-start (previous, next)
|   0|0x0000000709200000, 0x0000000709400000, 0x0000000709400000|100%|HS|  |TAMS 0x0000000709400000, 0x0000000709200000| Complete 
|   1|0x0000000709400000, 0x0000000709600000, 0x0000000709600000|100%|HC|  |TAMS 0x0000000709600000, 0x0000000709400000| Complete 
|   2|0x0000000709600000, 0x0000000709800000, 0x0000000709800000|100%|HC|  |TAMS 0x0000000709800000, 0x0000000709600000| Complete 
|   3|0x0000000709800000, 0x0000000709a00000, 0x0000000709a00000|100%| O|  |TAMS 0x0000000709a00000, 0x0000000709800000| Untracked 
|   4|0x0000000709a00000, 0x0000000709bf4600, 0x0000000709c00000| 97%| O|  |TAMS 0x0000000709bf4600, 0x0000000709a00000| Untracked 
|   5|0x0000000709c00000, 0x0000000709e00000, 0x0000000709e00000|100%|HS|  |TAMS 0x0000000709e00000, 0x0000000709c00000| Complete 
|   6|0x0000000709e00000, 0x000000070a000000, 0x000000070a000000|100%|HC|  |TAMS 0x000000070a000000, 0x0000000709e00000| Complete 
|   7|0x000000070a000000, 0x000000070a200000, 0x000000070a200000|100%|HC|  |TAMS 0x000000070a200000, 0x000000070a000000| Complete 
|   8|0x000000070a200000, 0x000000070a400000, 0x000000070a400000|100%| O|  |TAMS 0x000000070a400000, 0x000000070a200000| Untracked 
|   9|0x000000070a400000, 0x000000070a600000, 0x000000070a600000|100%| O|  |TAMS 0x000000070a600000, 0x000000070a400000| Untracked 
|  10|0x000000070a600000, 0x000000070a800000, 0x000000070a800000|100%| O|  |TAMS 0x000000070a800000, 0x000000070a600000| Untracked 
|  11|0x000000070a800000, 0x000000070aa00000, 0x000000070aa00000|100%| O|  |TAMS 0x000000070aa00000, 0x000000070a800000| Untracked 
|  12|0x000000070aa00000, 0x000000070ac00000, 0x000000070ac00000|100%| O|  |TAMS 0x000000070ac00000, 0x000000070aa00000| Untracked 
|  13|0x000000070ac00000, 0x000000070ae00000, 0x000000070ae00000|100%| O|  |TAMS 0x000000070ae00000, 0x000000070ac00000| Untracked 
|  14|0x000000070ae00000, 0x000000070b000000, 0x000000070b000000|100%| O|  |TAMS 0x000000070b000000, 0x000000070ae00000| Untracked 
|  15|0x000000070b000000, 0x000000070b200000, 0x000000070b200000|100%| O|  |TAMS 0x000000070b200000, 0x000000070b000000| Untracked 
|  16|0x000000070b200000, 0x000000070b400000, 0x000000070b400000|100%| O|  |TAMS 0x000000070b400000, 0x000000070b200000| Untracked 
|  17|0x000000070b400000, 0x000000070b600000, 0x000000070b600000|100%|HS|  |TAMS 0x000000070b600000, 0x000000070b400000| Complete 
|  18|0x000000070b600000, 0x000000070b800000, 0x000000070b800000|100%|HS|  |TAMS 0x000000070b800000, 0x000000070b600000| Complete 
|  19|0x000000070b800000, 0x000000070ba00000, 0x000000070ba00000|100%|HC|  |TAMS 0x000000070ba00000, 0x000000070b800000| Complete 
|  20|0x000000070ba00000, 0x000000070bc00000, 0x000000070bc00000|100%|HS|  |TAMS 0x000000070bc00000, 0x000000070ba00000| Complete 
|  21|0x000000070bc00000, 0x000000070be00000, 0x000000070be00000|100%|HC|  |TAMS 0x000000070be00000, 0x000000070bc00000| Complete 
|  22|0x000000070be00000, 0x000000070c000000, 0x000000070c000000|100%|HS|  |TAMS 0x000000070c000000, 0x000000070be00000| Complete 
|  23|0x000000070c000000, 0x000000070c200000, 0x000000070c200000|100%|HC|  |TAMS 0x000000070c200000, 0x000000070c000000| Complete 
|  24|0x000000070c200000, 0x000000070c400000, 0x000000070c400000|100%|HS|  |TAMS 0x000000070c400000, 0x000000070c200000| Complete 
|  25|0x000000070c400000, 0x000000070c600000, 0x000000070c600000|100%|HC|  |TAMS 0x000000070c600000, 0x000000070c400000| Complete 
|  26|0x000000070c600000, 0x000000070c800000, 0x000000070c800000|100%|HC|  |TAMS 0x000000070c800000, 0x000000070c600000| Complete 
|  27|0x000000070c800000, 0x000000070ca00000, 0x000000070ca00000|100%|HC|  |TAMS 0x000000070ca00000, 0x000000070c800000| Complete 
|  28|0x000000070ca00000, 0x000000070cc00000, 0x000000070cc00000|100%|HC|  |TAMS 0x000000070cc00000, 0x000000070ca00000| Complete 
|  29|0x000000070cc00000, 0x000000070ce00000, 0x000000070ce00000|100%|HC|  |TAMS 0x000000070ce00000, 0x000000070cc00000| Complete 
|  30|0x000000070ce00000, 0x000000070d000000, 0x000000070d000000|100%|HC|  |TAMS 0x000000070d000000, 0x000000070ce00000| Complete 
|  31|0x000000070d000000, 0x000000070d200000, 0x000000070d200000|100%|HS|  |TAMS 0x000000070d200000, 0x000000070d000000| Complete 
|  32|0x000000070d200000, 0x000000070d400000, 0x000000070d400000|100%|HC|  |TAMS 0x000000070d400000, 0x000000070d200000| Complete 
|  33|0x000000070d400000, 0x000000070d600000, 0x000000070d600000|100%|HS|  |TAMS 0x000000070d600000, 0x000000070d400000| Complete 
|  34|0x000000070d600000, 0x000000070d800000, 0x000000070d800000|100%|HC|  |TAMS 0x000000070d800000, 0x000000070d600000| Complete 
|  35|0x000000070d800000, 0x000000070da00000, 0x000000070da00000|100%| O|  |TAMS 0x000000070da00000, 0x000000070d800000| Untracked 
|  36|0x000000070da00000, 0x000000070dc00000, 0x000000070dc00000|100%| O|  |TAMS 0x000000070dc00000, 0x000000070da00000| Untracked 
|  37|0x000000070dc00000, 0x000000070de00000, 0x000000070de00000|100%|HS|  |TAMS 0x000000070de00000, 0x000000070dc00000| Complete 
|  38|0x000000070de00000, 0x000000070e000000, 0x000000070e000000|100%|HC|  |TAMS 0x000000070e000000, 0x000000070de00000| Complete 
|  39|0x000000070e000000, 0x000000070e200000, 0x000000070e200000|100%|HS|  |TAMS 0x000000070e200000, 0x000000070e000000| Complete 
|  40|0x000000070e200000, 0x000000070e400000, 0x000000070e400000|100%|HC|  |TAMS 0x000000070e400000, 0x000000070e200000| Complete 
|  41|0x000000070e400000, 0x000000070e600000, 0x000000070e600000|100%| O|  |TAMS 0x000000070e600000, 0x000000070e400000| Untracked 
|  42|0x000000070e600000, 0x000000070e800000, 0x000000070e800000|100%| O|  |TAMS 0x000000070e800000, 0x000000070e600000| Untracked 
|  43|0x000000070e800000, 0x000000070ea00000, 0x000000070ea00000|100%|HS|  |TAMS 0x000000070ea00000, 0x000000070e800000| Complete 
|  44|0x000000070ea00000, 0x000000070ec00000, 0x000000070ec00000|100%|HC|  |TAMS 0x000000070ec00000, 0x000000070ea00000| Complete 
|  45|0x000000070ec00000, 0x000000070ee00000, 0x000000070ee00000|100%|HS|  |TAMS 0x000000070ee00000, 0x000000070ec00000| Complete 
|  46|0x000000070ee00000, 0x000000070f000000, 0x000000070f000000|100%|HC|  |TAMS 0x000000070f000000, 0x000000070ee00000| Complete 
|  47|0x000000070f000000, 0x000000070f200000, 0x000000070f200000|100%|HS|  |TAMS 0x000000070f200000, 0x000000070f000000| Complete 
|  48|0x000000070f200000, 0x000000070f400000, 0x000000070f400000|100%|HC|  |TAMS 0x000000070f400000, 0x000000070f200000| Complete 
|  49|0x000000070f400000, 0x000000070f600000, 0x000000070f600000|100%| O|  |TAMS 0x000000070f600000, 0x000000070f400000| Untracked 
|  50|0x000000070f600000, 0x000000070f800000, 0x000000070f800000|100%| O|  |TAMS 0x000000070f800000, 0x000000070f600000| Untracked 
|  51|0x000000070f800000, 0x000000070fa00000, 0x000000070fa00000|100%| O|  |TAMS 0x000000070f800000, 0x000000070f800000| Untracked 
|  52|0x000000070fa00000, 0x000000070fa00000, 0x000000070fc00000|  0%| F|  |TAMS 0x000000070fa00000, 0x000000070fa00000| Untracked 
|  53|0x000000070fc00000, 0x000000070fe00000, 0x000000070fe00000|100%| O|  |TAMS 0x000000070fe00000, 0x000000070fc00000| Untracked 
|  54|0x000000070fe00000, 0x0000000710000000, 0x0000000710000000|100%| O|  |TAMS 0x000000070fe00000, 0x000000070fe00000| Untracked 
|  55|0x0000000710000000, 0x0000000710200000, 0x0000000710200000|100%| O|  |TAMS 0x0000000710200000, 0x0000000710000000| Untracked 
|  56|0x0000000710200000, 0x0000000710400000, 0x0000000710400000|100%| O|  |TAMS 0x0000000710400000, 0x0000000710200000| Untracked 
|  57|0x0000000710400000, 0x0000000710600000, 0x0000000710600000|100%| O|  |TAMS 0x0000000710600000, 0x0000000710400000| Untracked 
|  58|0x0000000710600000, 0x0000000710800000, 0x0000000710800000|100%| O|  |TAMS 0x0000000710781400, 0x0000000710600000| Untracked 
|  59|0x0000000710800000, 0x0000000710a00000, 0x0000000710a00000|100%| O|  |TAMS 0x0000000710800000, 0x0000000710800000| Untracked 
|  60|0x0000000710a00000, 0x0000000710a1bc00, 0x0000000710c00000|  5%| O|  |TAMS 0x0000000710a00000, 0x0000000710a00000| Untracked 
|  61|0x0000000710c00000, 0x0000000710cdfa00, 0x0000000710e00000| 43%| O|  |TAMS 0x0000000710c00000, 0x0000000710c00000| Untracked 
|  62|0x0000000710e00000, 0x0000000710e00000, 0x0000000711000000|  0%| F|  |TAMS 0x0000000710e00000, 0x0000000710e00000| Untracked 
|  63|0x0000000711000000, 0x0000000711000000, 0x0000000711200000|  0%| F|  |TAMS 0x0000000711000000, 0x0000000711000000| Untracked 
|  64|0x0000000711200000, 0x0000000711200000, 0x0000000711400000|  0%| F|  |TAMS 0x0000000711200000, 0x0000000711200000| Untracked 
|  65|0x0000000711400000, 0x0000000711400000, 0x0000000711600000|  0%| F|  |TAMS 0x0000000711400000, 0x0000000711400000| Untracked 
|  66|0x0000000711600000, 0x0000000711600000, 0x0000000711800000|  0%| F|  |TAMS 0x0000000711600000, 0x0000000711600000| Untracked 
|  67|0x0000000711800000, 0x0000000711800000, 0x0000000711a00000|  0%| F|  |TAMS 0x0000000711800000, 0x0000000711800000| Untracked 
|  68|0x0000000711a00000, 0x0000000711a00000, 0x0000000711c00000|  0%| F|  |TAMS 0x0000000711a00000, 0x0000000711a00000| Untracked 
|  69|0x0000000711c00000, 0x0000000711c00000, 0x0000000711e00000|  0%| F|  |TAMS 0x0000000711c00000, 0x0000000711c00000| Untracked 
|  70|0x0000000711e00000, 0x0000000711e00000, 0x0000000712000000|  0%| F|  |TAMS 0x0000000711e00000, 0x0000000711e00000| Untracked 
|  71|0x0000000712000000, 0x0000000712000000, 0x0000000712200000|  0%| F|  |TAMS 0x0000000712000000, 0x0000000712000000| Untracked 
|  72|0x0000000712200000, 0x0000000712200000, 0x0000000712400000|  0%| F|  |TAMS 0x0000000712200000, 0x0000000712200000| Untracked 
|  73|0x0000000712400000, 0x0000000712400000, 0x0000000712600000|  0%| F|  |TAMS 0x0000000712400000, 0x0000000712400000| Untracked 
|  74|0x0000000712600000, 0x0000000712600000, 0x0000000712800000|  0%| F|  |TAMS 0x0000000712600000, 0x0000000712600000| Untracked 
|  75|0x0000000712800000, 0x0000000712800000, 0x0000000712a00000|  0%| F|  |TAMS 0x0000000712800000, 0x0000000712800000| Untracked 
|  76|0x0000000712a00000, 0x0000000712a00000, 0x0000000712c00000|  0%| F|  |TAMS 0x0000000712a00000, 0x0000000712a00000| Untracked 
|  77|0x0000000712c00000, 0x0000000712c00000, 0x0000000712e00000|  0%| F|  |TAMS 0x0000000712c00000, 0x0000000712c00000| Untracked 
|  78|0x0000000712e00000, 0x0000000712e00000, 0x0000000713000000|  0%| F|  |TAMS 0x0000000712e00000, 0x0000000712e00000| Untracked 
|  79|0x0000000713000000, 0x0000000713000000, 0x0000000713200000|  0%| F|  |TAMS 0x0000000713000000, 0x0000000713000000| Untracked 
|  80|0x0000000713200000, 0x0000000713200000, 0x0000000713400000|  0%| F|  |TAMS 0x0000000713200000, 0x0000000713200000| Untracked 
|  81|0x0000000713400000, 0x0000000713400000, 0x0000000713600000|  0%| F|  |TAMS 0x0000000713400000, 0x0000000713400000| Untracked 
|  82|0x0000000713600000, 0x0000000713600000, 0x0000000713800000|  0%| F|  |TAMS 0x0000000713600000, 0x0000000713600000| Untracked 
|  83|0x0000000713800000, 0x0000000713800000, 0x0000000713a00000|  0%| F|  |TAMS 0x0000000713800000, 0x0000000713800000| Untracked 
|  84|0x0000000713a00000, 0x0000000713a00000, 0x0000000713c00000|  0%| F|  |TAMS 0x0000000713a00000, 0x0000000713a00000| Untracked 
|  85|0x0000000713c00000, 0x0000000713c00000, 0x0000000713e00000|  0%| F|  |TAMS 0x0000000713c00000, 0x0000000713c00000| Untracked 
|  86|0x0000000713e00000, 0x0000000713e00000, 0x0000000714000000|  0%| F|  |TAMS 0x0000000713e00000, 0x0000000713e00000| Untracked 
|  87|0x0000000714000000, 0x0000000714000000, 0x0000000714200000|  0%| F|  |TAMS 0x0000000714000000, 0x0000000714000000| Untracked 
|  88|0x0000000714200000, 0x0000000714200000, 0x0000000714400000|  0%| F|  |TAMS 0x0000000714200000, 0x0000000714200000| Untracked 
|  89|0x0000000714400000, 0x0000000714400000, 0x0000000714600000|  0%| F|  |TAMS 0x0000000714400000, 0x0000000714400000| Untracked 
|  90|0x0000000714600000, 0x0000000714600000, 0x0000000714800000|  0%| F|  |TAMS 0x0000000714600000, 0x0000000714600000| Untracked 
|  91|0x0000000714800000, 0x0000000714800000, 0x0000000714a00000|  0%| F|  |TAMS 0x0000000714800000, 0x0000000714800000| Untracked 
|  92|0x0000000714a00000, 0x0000000714a00000, 0x0000000714c00000|  0%| F|  |TAMS 0x0000000714a00000, 0x0000000714a00000| Untracked 
|  93|0x0000000714c00000, 0x0000000714c00000, 0x0000000714e00000|  0%| F|  |TAMS 0x0000000714c00000, 0x0000000714c00000| Untracked 
|  94|0x0000000714e00000, 0x0000000714e00000, 0x0000000715000000|  0%| F|  |TAMS 0x0000000714e00000, 0x0000000714e00000| Untracked 
|  95|0x0000000715000000, 0x0000000715000000, 0x0000000715200000|  0%| F|  |TAMS 0x0000000715000000, 0x0000000715000000| Untracked 
|  96|0x0000000715200000, 0x0000000715200000, 0x0000000715400000|  0%| F|  |TAMS 0x0000000715200000, 0x0000000715200000| Untracked 
|  97|0x0000000715400000, 0x0000000715400000, 0x0000000715600000|  0%| F|  |TAMS 0x0000000715400000, 0x0000000715400000| Untracked 
|  98|0x0000000715600000, 0x0000000715600000, 0x0000000715800000|  0%| F|  |TAMS 0x0000000715600000, 0x0000000715600000| Untracked 
|  99|0x0000000715800000, 0x0000000715800000, 0x0000000715a00000|  0%| F|  |TAMS 0x0000000715800000, 0x0000000715800000| Untracked 
| 100|0x0000000715a00000, 0x0000000715a00000, 0x0000000715c00000|  0%| F|  |TAMS 0x0000000715a00000, 0x0000000715a00000| Untracked 
| 101|0x0000000715c00000, 0x0000000715c00000, 0x0000000715e00000|  0%| F|  |TAMS 0x0000000715c00000, 0x0000000715c00000| Untracked 
| 102|0x0000000715e00000, 0x0000000715e00000, 0x0000000716000000|  0%| F|  |TAMS 0x0000000715e00000, 0x0000000715e00000| Untracked 
| 103|0x0000000716000000, 0x0000000716000000, 0x0000000716200000|  0%| F|  |TAMS 0x0000000716000000, 0x0000000716000000| Untracked 
| 104|0x0000000716200000, 0x0000000716200000, 0x0000000716400000|  0%| F|  |TAMS 0x0000000716200000, 0x0000000716200000| Untracked 
| 105|0x0000000716400000, 0x0000000716400000, 0x0000000716600000|  0%| F|  |TAMS 0x0000000716400000, 0x0000000716400000| Untracked 
| 106|0x0000000716600000, 0x0000000716600000, 0x0000000716800000|  0%| F|  |TAMS 0x0000000716600000, 0x0000000716600000| Untracked 
| 107|0x0000000716800000, 0x0000000716800000, 0x0000000716a00000|  0%| F|  |TAMS 0x0000000716800000, 0x0000000716800000| Untracked 
| 108|0x0000000716a00000, 0x0000000716a00000, 0x0000000716c00000|  0%| F|  |TAMS 0x0000000716a00000, 0x0000000716a00000| Untracked 
| 109|0x0000000716c00000, 0x0000000716c00000, 0x0000000716e00000|  0%| F|  |TAMS 0x0000000716c00000, 0x0000000716c00000| Untracked 
| 110|0x0000000716e00000, 0x0000000716e00000, 0x0000000717000000|  0%| F|  |TAMS 0x0000000716e00000, 0x0000000716e00000| Untracked 
| 111|0x0000000717000000, 0x0000000717000000, 0x0000000717200000|  0%| F|  |TAMS 0x0000000717000000, 0x0000000717000000| Untracked 
| 112|0x0000000717200000, 0x0000000717200000, 0x0000000717400000|  0%| F|  |TAMS 0x0000000717200000, 0x0000000717200000| Untracked 
| 113|0x0000000717400000, 0x00000007174716d8, 0x0000000717600000| 22%| S|CS|TAMS 0x0000000717400000, 0x0000000717400000| Complete 
| 114|0x0000000717600000, 0x0000000717800000, 0x0000000717800000|100%| S|CS|TAMS 0x0000000717600000, 0x0000000717600000| Complete 
| 115|0x0000000717800000, 0x0000000717800000, 0x0000000717a00000|  0%| F|  |TAMS 0x0000000717800000, 0x0000000717800000| Untracked 
| 116|0x0000000717a00000, 0x0000000717c00000, 0x0000000717c00000|100%| S|CS|TAMS 0x0000000717a00000, 0x0000000717a00000| Complete 
| 117|0x0000000717c00000, 0x0000000717c00000, 0x0000000717e00000|  0%| F|  |TAMS 0x0000000717c00000, 0x0000000717c00000| Untracked 
| 118|0x0000000717e00000, 0x0000000717e00000, 0x0000000718000000|  0%| F|  |TAMS 0x0000000717e00000, 0x0000000717e00000| Untracked 
| 119|0x0000000718000000, 0x0000000718000000, 0x0000000718200000|  0%| F|  |TAMS 0x0000000718000000, 0x0000000718000000| Untracked 
| 120|0x0000000718200000, 0x0000000718200000, 0x0000000718400000|  0%| F|  |TAMS 0x0000000718200000, 0x0000000718200000| Untracked 
| 121|0x0000000718400000, 0x0000000718400000, 0x0000000718600000|  0%| F|  |TAMS 0x0000000718400000, 0x0000000718400000| Untracked 
| 122|0x0000000718600000, 0x0000000718600000, 0x0000000718800000|  0%| F|  |TAMS 0x0000000718600000, 0x0000000718600000| Untracked 
| 123|0x0000000718800000, 0x0000000718800000, 0x0000000718a00000|  0%| F|  |TAMS 0x0000000718800000, 0x0000000718800000| Untracked 
| 124|0x0000000718a00000, 0x0000000718a00000, 0x0000000718c00000|  0%| F|  |TAMS 0x0000000718a00000, 0x0000000718a00000| Untracked 
| 125|0x0000000718c00000, 0x0000000718c00000, 0x0000000718e00000|  0%| F|  |TAMS 0x0000000718c00000, 0x0000000718c00000| Untracked 
| 126|0x0000000718e00000, 0x0000000718e00000, 0x0000000719000000|  0%| F|  |TAMS 0x0000000718e00000, 0x0000000718e00000| Untracked 
| 127|0x0000000719000000, 0x0000000719200000, 0x0000000719200000|100%| S|CS|TAMS 0x0000000719000000, 0x0000000719000000| Complete 
| 128|0x0000000719200000, 0x0000000719400000, 0x0000000719400000|100%| S|CS|TAMS 0x0000000719200000, 0x0000000719200000| Complete 
| 129|0x0000000719400000, 0x0000000719600000, 0x0000000719600000|100%| S|CS|TAMS 0x0000000719400000, 0x0000000719400000| Complete 
| 130|0x0000000719600000, 0x0000000719800000, 0x0000000719800000|100%| S|CS|TAMS 0x0000000719600000, 0x0000000719600000| Complete 
| 131|0x0000000719800000, 0x0000000719a00000, 0x0000000719a00000|100%| S|CS|TAMS 0x0000000719800000, 0x0000000719800000| Complete 
| 132|0x0000000719a00000, 0x0000000719c00000, 0x0000000719c00000|100%| S|CS|TAMS 0x0000000719a00000, 0x0000000719a00000| Complete 
| 133|0x0000000719c00000, 0x0000000719e00000, 0x0000000719e00000|100%| S|CS|TAMS 0x0000000719c00000, 0x0000000719c00000| Complete 
| 134|0x0000000719e00000, 0x000000071a000000, 0x000000071a000000|100%| S|CS|TAMS 0x0000000719e00000, 0x0000000719e00000| Complete 
| 135|0x000000071a000000, 0x000000071a200000, 0x000000071a200000|100%| S|CS|TAMS 0x000000071a000000, 0x000000071a000000| Complete 
| 136|0x000000071a200000, 0x000000071a200000, 0x000000071a400000|  0%| F|  |TAMS 0x000000071a200000, 0x000000071a200000| Untracked 
| 137|0x000000071a400000, 0x000000071a600000, 0x000000071a600000|100%| S|CS|TAMS 0x000000071a400000, 0x000000071a400000| Complete 
| 138|0x000000071a600000, 0x000000071a800000, 0x000000071a800000|100%| S|CS|TAMS 0x000000071a600000, 0x000000071a600000| Complete 
| 139|0x000000071a800000, 0x000000071a800000, 0x000000071aa00000|  0%| F|  |TAMS 0x000000071a800000, 0x000000071a800000| Untracked 
| 140|0x000000071aa00000, 0x000000071ac00000, 0x000000071ac00000|100%| S|CS|TAMS 0x000000071aa00000, 0x000000071aa00000| Complete 
| 141|0x000000071ac00000, 0x000000071ac00000, 0x000000071ae00000|  0%| F|  |TAMS 0x000000071ac00000, 0x000000071ac00000| Untracked 
| 142|0x000000071ae00000, 0x000000071ae00000, 0x000000071b000000|  0%| F|  |TAMS 0x000000071ae00000, 0x000000071ae00000| Untracked 
| 143|0x000000071b000000, 0x000000071b000000, 0x000000071b200000|  0%| F|  |TAMS 0x000000071b000000, 0x000000071b000000| Untracked 
| 144|0x000000071b200000, 0x000000071b200000, 0x000000071b400000|  0%| F|  |TAMS 0x000000071b200000, 0x000000071b200000| Untracked 
| 145|0x000000071b400000, 0x000000071b400000, 0x000000071b600000|  0%| F|  |TAMS 0x000000071b400000, 0x000000071b400000| Untracked 
| 146|0x000000071b600000, 0x000000071b600000, 0x000000071b800000|  0%| F|  |TAMS 0x000000071b600000, 0x000000071b600000| Untracked 
| 147|0x000000071b800000, 0x000000071b800000, 0x000000071ba00000|  0%| F|  |TAMS 0x000000071b800000, 0x000000071b800000| Untracked 
| 148|0x000000071ba00000, 0x000000071ba00000, 0x000000071bc00000|  0%| F|  |TAMS 0x000000071ba00000, 0x000000071ba00000| Untracked 
| 149|0x000000071bc00000, 0x000000071bc00000, 0x000000071be00000|  0%| F|  |TAMS 0x000000071bc00000, 0x000000071bc00000| Untracked 
| 150|0x000000071be00000, 0x000000071be00000, 0x000000071c000000|  0%| F|  |TAMS 0x000000071be00000, 0x000000071be00000| Untracked 
| 151|0x000000071c000000, 0x000000071c000000, 0x000000071c200000|  0%| F|  |TAMS 0x000000071c000000, 0x000000071c000000| Untracked 
| 152|0x000000071c200000, 0x000000071c200000, 0x000000071c400000|  0%| F|  |TAMS 0x000000071c200000, 0x000000071c200000| Untracked 
| 153|0x000000071c400000, 0x000000071c400000, 0x000000071c600000|  0%| F|  |TAMS 0x000000071c400000, 0x000000071c400000| Untracked 
| 154|0x000000071c600000, 0x000000071c600000, 0x000000071c800000|  0%| F|  |TAMS 0x000000071c600000, 0x000000071c600000| Untracked 
| 155|0x000000071c800000, 0x000000071c800000, 0x000000071ca00000|  0%| F|  |TAMS 0x000000071c800000, 0x000000071c800000| Untracked 
| 156|0x000000071ca00000, 0x000000071ca00000, 0x000000071cc00000|  0%| F|  |TAMS 0x000000071ca00000, 0x000000071ca00000| Untracked 
| 157|0x000000071cc00000, 0x000000071cc00000, 0x000000071ce00000|  0%| F|  |TAMS 0x000000071cc00000, 0x000000071cc00000| Untracked 
| 158|0x000000071ce00000, 0x000000071ce00000, 0x000000071d000000|  0%| F|  |TAMS 0x000000071ce00000, 0x000000071ce00000| Untracked 
| 159|0x000000071d000000, 0x000000071d000000, 0x000000071d200000|  0%| F|  |TAMS 0x000000071d000000, 0x000000071d000000| Untracked 
| 160|0x000000071d200000, 0x000000071d200000, 0x000000071d400000|  0%| F|  |TAMS 0x000000071d200000, 0x000000071d200000| Untracked 
| 161|0x000000071d400000, 0x000000071d400000, 0x000000071d600000|  0%| F|  |TAMS 0x000000071d400000, 0x000000071d400000| Untracked 
| 162|0x000000071d600000, 0x000000071d600000, 0x000000071d800000|  0%| F|  |TAMS 0x000000071d600000, 0x000000071d600000| Untracked 
| 163|0x000000071d800000, 0x000000071d800000, 0x000000071da00000|  0%| F|  |TAMS 0x000000071d800000, 0x000000071d800000| Untracked 
| 164|0x000000071da00000, 0x000000071da00000, 0x000000071dc00000|  0%| F|  |TAMS 0x000000071da00000, 0x000000071da00000| Untracked 
| 165|0x000000071dc00000, 0x000000071dc00000, 0x000000071de00000|  0%| F|  |TAMS 0x000000071dc00000, 0x000000071dc00000| Untracked 
| 166|0x000000071de00000, 0x000000071de00000, 0x000000071e000000|  0%| F|  |TAMS 0x000000071de00000, 0x000000071de00000| Untracked 
| 167|0x000000071e000000, 0x000000071e000000, 0x000000071e200000|  0%| F|  |TAMS 0x000000071e000000, 0x000000071e000000| Untracked 
| 168|0x000000071e200000, 0x000000071e200000, 0x000000071e400000|  0%| F|  |TAMS 0x000000071e200000, 0x000000071e200000| Untracked 
| 169|0x000000071e400000, 0x000000071e400000, 0x000000071e600000|  0%| F|  |TAMS 0x000000071e400000, 0x000000071e400000| Untracked 
| 170|0x000000071e600000, 0x000000071e600000, 0x000000071e800000|  0%| F|  |TAMS 0x000000071e600000, 0x000000071e600000| Untracked 
| 171|0x000000071e800000, 0x000000071e800000, 0x000000071ea00000|  0%| F|  |TAMS 0x000000071e800000, 0x000000071e800000| Untracked 
| 172|0x000000071ea00000, 0x000000071ea00000, 0x000000071ec00000|  0%| F|  |TAMS 0x000000071ea00000, 0x000000071ea00000| Untracked 
| 173|0x000000071ec00000, 0x000000071ec00000, 0x000000071ee00000|  0%| F|  |TAMS 0x000000071ec00000, 0x000000071ec00000| Untracked 
| 174|0x000000071ee00000, 0x000000071ee00000, 0x000000071f000000|  0%| F|  |TAMS 0x000000071ee00000, 0x000000071ee00000| Untracked 
| 175|0x000000071f000000, 0x000000071f000000, 0x000000071f200000|  0%| F|  |TAMS 0x000000071f000000, 0x000000071f000000| Untracked 
| 176|0x000000071f200000, 0x000000071f200000, 0x000000071f400000|  0%| F|  |TAMS 0x000000071f200000, 0x000000071f200000| Untracked 
| 177|0x000000071f400000, 0x000000071f400000, 0x000000071f600000|  0%| F|  |TAMS 0x000000071f400000, 0x000000071f400000| Untracked 
| 178|0x000000071f600000, 0x000000071f600000, 0x000000071f800000|  0%| F|  |TAMS 0x000000071f600000, 0x000000071f600000| Untracked 
| 179|0x000000071f800000, 0x000000071f800000, 0x000000071fa00000|  0%| F|  |TAMS 0x000000071f800000, 0x000000071f800000| Untracked 
| 180|0x000000071fa00000, 0x000000071fa00000, 0x000000071fc00000|  0%| F|  |TAMS 0x000000071fa00000, 0x000000071fa00000| Untracked 
| 181|0x000000071fc00000, 0x000000071fc00000, 0x000000071fe00000|  0%| F|  |TAMS 0x000000071fc00000, 0x000000071fc00000| Untracked 
| 182|0x000000071fe00000, 0x000000071fe00000, 0x0000000720000000|  0%| F|  |TAMS 0x000000071fe00000, 0x000000071fe00000| Untracked 
| 183|0x0000000720000000, 0x0000000720000000, 0x0000000720200000|  0%| F|  |TAMS 0x0000000720000000, 0x0000000720000000| Untracked 
| 184|0x0000000720200000, 0x0000000720200000, 0x0000000720400000|  0%| F|  |TAMS 0x0000000720200000, 0x0000000720200000| Untracked 
| 185|0x0000000720400000, 0x0000000720400000, 0x0000000720600000|  0%| F|  |TAMS 0x0000000720400000, 0x0000000720400000| Untracked 
| 186|0x0000000720600000, 0x0000000720600000, 0x0000000720800000|  0%| F|  |TAMS 0x0000000720600000, 0x0000000720600000| Untracked 
| 187|0x0000000720800000, 0x0000000720800000, 0x0000000720a00000|  0%| F|  |TAMS 0x0000000720800000, 0x0000000720800000| Untracked 
| 188|0x0000000720a00000, 0x0000000720a00000, 0x0000000720c00000|  0%| F|  |TAMS 0x0000000720a00000, 0x0000000720a00000| Untracked 
| 189|0x0000000720c00000, 0x0000000720c00000, 0x0000000720e00000|  0%| F|  |TAMS 0x0000000720c00000, 0x0000000720c00000| Untracked 
| 190|0x0000000720e00000, 0x0000000720e00000, 0x0000000721000000|  0%| F|  |TAMS 0x0000000720e00000, 0x0000000720e00000| Untracked 
| 191|0x0000000721000000, 0x0000000721000000, 0x0000000721200000|  0%| F|  |TAMS 0x0000000721000000, 0x0000000721000000| Untracked 
| 192|0x0000000721200000, 0x0000000721200000, 0x0000000721400000|  0%| F|  |TAMS 0x0000000721200000, 0x0000000721200000| Untracked 
| 193|0x0000000721400000, 0x0000000721400000, 0x0000000721600000|  0%| F|  |TAMS 0x0000000721400000, 0x0000000721400000| Untracked 
| 194|0x0000000721600000, 0x0000000721600000, 0x0000000721800000|  0%| F|  |TAMS 0x0000000721600000, 0x0000000721600000| Untracked 
| 195|0x0000000721800000, 0x0000000721800000, 0x0000000721a00000|  0%| F|  |TAMS 0x0000000721800000, 0x0000000721800000| Untracked 
| 196|0x0000000721a00000, 0x0000000721a00000, 0x0000000721c00000|  0%| F|  |TAMS 0x0000000721a00000, 0x0000000721a00000| Untracked 
| 197|0x0000000721c00000, 0x0000000721c00000, 0x0000000721e00000|  0%| F|  |TAMS 0x0000000721c00000, 0x0000000721c00000| Untracked 
| 198|0x0000000721e00000, 0x0000000721e00000, 0x0000000722000000|  0%| F|  |TAMS 0x0000000721e00000, 0x0000000721e00000| Untracked 
| 199|0x0000000722000000, 0x0000000722000000, 0x0000000722200000|  0%| F|  |TAMS 0x0000000722000000, 0x0000000722000000| Untracked 
| 200|0x0000000722200000, 0x0000000722200000, 0x0000000722400000|  0%| F|  |TAMS 0x0000000722200000, 0x0000000722200000| Untracked 
| 201|0x0000000722400000, 0x0000000722400000, 0x0000000722600000|  0%| F|  |TAMS 0x0000000722400000, 0x0000000722400000| Untracked 
| 202|0x0000000722600000, 0x0000000722600000, 0x0000000722800000|  0%| F|  |TAMS 0x0000000722600000, 0x0000000722600000| Untracked 
| 203|0x0000000722800000, 0x0000000722800000, 0x0000000722a00000|  0%| F|  |TAMS 0x0000000722800000, 0x0000000722800000| Untracked 
| 204|0x0000000722a00000, 0x0000000722a00000, 0x0000000722c00000|  0%| F|  |TAMS 0x0000000722a00000, 0x0000000722a00000| Untracked 
| 205|0x0000000722c00000, 0x0000000722c00000, 0x0000000722e00000|  0%| F|  |TAMS 0x0000000722c00000, 0x0000000722c00000| Untracked 
| 206|0x0000000722e00000, 0x0000000722e00000, 0x0000000723000000|  0%| F|  |TAMS 0x0000000722e00000, 0x0000000722e00000| Untracked 
| 207|0x0000000723000000, 0x0000000723000000, 0x0000000723200000|  0%| F|  |TAMS 0x0000000723000000, 0x0000000723000000| Untracked 
| 208|0x0000000723200000, 0x0000000723200000, 0x0000000723400000|  0%| F|  |TAMS 0x0000000723200000, 0x0000000723200000| Untracked 
| 209|0x0000000723400000, 0x0000000723400000, 0x0000000723600000|  0%| F|  |TAMS 0x0000000723400000, 0x0000000723400000| Untracked 
| 210|0x0000000723600000, 0x0000000723600000, 0x0000000723800000|  0%| F|  |TAMS 0x0000000723600000, 0x0000000723600000| Untracked 
| 211|0x0000000723800000, 0x0000000723800000, 0x0000000723a00000|  0%| F|  |TAMS 0x0000000723800000, 0x0000000723800000| Untracked 
| 212|0x0000000723a00000, 0x0000000723a00000, 0x0000000723c00000|  0%| F|  |TAMS 0x0000000723a00000, 0x0000000723a00000| Untracked 
| 213|0x0000000723c00000, 0x0000000723c00000, 0x0000000723e00000|  0%| F|  |TAMS 0x0000000723c00000, 0x0000000723c00000| Untracked 
| 214|0x0000000723e00000, 0x0000000723e00000, 0x0000000724000000|  0%| F|  |TAMS 0x0000000723e00000, 0x0000000723e00000| Untracked 
| 215|0x0000000724000000, 0x0000000724000000, 0x0000000724200000|  0%| F|  |TAMS 0x0000000724000000, 0x0000000724000000| Untracked 
| 216|0x0000000724200000, 0x0000000724200000, 0x0000000724400000|  0%| F|  |TAMS 0x0000000724200000, 0x0000000724200000| Untracked 
| 217|0x0000000724400000, 0x0000000724400000, 0x0000000724600000|  0%| F|  |TAMS 0x0000000724400000, 0x0000000724400000| Untracked 
| 218|0x0000000724600000, 0x0000000724600000, 0x0000000724800000|  0%| F|  |TAMS 0x0000000724600000, 0x0000000724600000| Untracked 
| 219|0x0000000724800000, 0x0000000724800000, 0x0000000724a00000|  0%| F|  |TAMS 0x0000000724800000, 0x0000000724800000| Untracked 
| 220|0x0000000724a00000, 0x0000000724a00000, 0x0000000724c00000|  0%| F|  |TAMS 0x0000000724a00000, 0x0000000724a00000| Untracked 
| 221|0x0000000724c00000, 0x0000000724c00000, 0x0000000724e00000|  0%| F|  |TAMS 0x0000000724c00000, 0x0000000724c00000| Untracked 
| 222|0x0000000724e00000, 0x0000000724e00000, 0x0000000725000000|  0%| F|  |TAMS 0x0000000724e00000, 0x0000000724e00000| Untracked 
| 223|0x0000000725000000, 0x0000000725000000, 0x0000000725200000|  0%| F|  |TAMS 0x0000000725000000, 0x0000000725000000| Untracked 
| 224|0x0000000725200000, 0x0000000725200000, 0x0000000725400000|  0%| F|  |TAMS 0x0000000725200000, 0x0000000725200000| Untracked 
| 225|0x0000000725400000, 0x0000000725400000, 0x0000000725600000|  0%| F|  |TAMS 0x0000000725400000, 0x0000000725400000| Untracked 
| 226|0x0000000725600000, 0x0000000725600000, 0x0000000725800000|  0%| F|  |TAMS 0x0000000725600000, 0x0000000725600000| Untracked 
| 227|0x0000000725800000, 0x0000000725800000, 0x0000000725a00000|  0%| F|  |TAMS 0x0000000725800000, 0x0000000725800000| Untracked 
| 228|0x0000000725a00000, 0x0000000725a00000, 0x0000000725c00000|  0%| F|  |TAMS 0x0000000725a00000, 0x0000000725a00000| Untracked 
| 229|0x0000000725c00000, 0x0000000725c00000, 0x0000000725e00000|  0%| F|  |TAMS 0x0000000725c00000, 0x0000000725c00000| Untracked 
| 230|0x0000000725e00000, 0x0000000725e00000, 0x0000000726000000|  0%| F|  |TAMS 0x0000000725e00000, 0x0000000725e00000| Untracked 
| 231|0x0000000726000000, 0x0000000726000000, 0x0000000726200000|  0%| F|  |TAMS 0x0000000726000000, 0x0000000726000000| Untracked 
| 232|0x0000000726200000, 0x0000000726200000, 0x0000000726400000|  0%| F|  |TAMS 0x0000000726200000, 0x0000000726200000| Untracked 
| 233|0x0000000726400000, 0x0000000726400000, 0x0000000726600000|  0%| F|  |TAMS 0x0000000726400000, 0x0000000726400000| Untracked 
| 234|0x0000000726600000, 0x0000000726600000, 0x0000000726800000|  0%| F|  |TAMS 0x0000000726600000, 0x0000000726600000| Untracked 
| 235|0x0000000726800000, 0x0000000726800000, 0x0000000726a00000|  0%| F|  |TAMS 0x0000000726800000, 0x0000000726800000| Untracked 
| 236|0x0000000726a00000, 0x0000000726a00000, 0x0000000726c00000|  0%| F|  |TAMS 0x0000000726a00000, 0x0000000726a00000| Untracked 
| 237|0x0000000726c00000, 0x0000000726c00000, 0x0000000726e00000|  0%| F|  |TAMS 0x0000000726c00000, 0x0000000726c00000| Untracked 
| 238|0x0000000726e00000, 0x0000000726e00000, 0x0000000727000000|  0%| F|  |TAMS 0x0000000726e00000, 0x0000000726e00000| Untracked 
| 239|0x0000000727000000, 0x0000000727000000, 0x0000000727200000|  0%| F|  |TAMS 0x0000000727000000, 0x0000000727000000| Untracked 
| 240|0x0000000727200000, 0x0000000727200000, 0x0000000727400000|  0%| F|  |TAMS 0x0000000727200000, 0x0000000727200000| Untracked 
| 241|0x0000000727400000, 0x0000000727400000, 0x0000000727600000|  0%| F|  |TAMS 0x0000000727400000, 0x0000000727400000| Untracked 
| 242|0x0000000727600000, 0x0000000727600000, 0x0000000727800000|  0%| F|  |TAMS 0x0000000727600000, 0x0000000727600000| Untracked 
| 243|0x0000000727800000, 0x0000000727800000, 0x0000000727a00000|  0%| F|  |TAMS 0x0000000727800000, 0x0000000727800000| Untracked 
| 244|0x0000000727a00000, 0x0000000727a00000, 0x0000000727c00000|  0%| F|  |TAMS 0x0000000727a00000, 0x0000000727a00000| Untracked 
| 245|0x0000000727c00000, 0x0000000727c00000, 0x0000000727e00000|  0%| F|  |TAMS 0x0000000727c00000, 0x0000000727c00000| Untracked 
| 246|0x0000000727e00000, 0x0000000727e00000, 0x0000000728000000|  0%| F|  |TAMS 0x0000000727e00000, 0x0000000727e00000| Untracked 
| 247|0x0000000728000000, 0x0000000728000000, 0x0000000728200000|  0%| F|  |TAMS 0x0000000728000000, 0x0000000728000000| Untracked 
| 248|0x0000000728200000, 0x0000000728200000, 0x0000000728400000|  0%| F|  |TAMS 0x0000000728200000, 0x0000000728200000| Untracked 
| 249|0x0000000728400000, 0x0000000728400000, 0x0000000728600000|  0%| F|  |TAMS 0x0000000728400000, 0x0000000728400000| Untracked 
| 250|0x0000000728600000, 0x0000000728600000, 0x0000000728800000|  0%| F|  |TAMS 0x0000000728600000, 0x0000000728600000| Untracked 
| 251|0x0000000728800000, 0x0000000728800000, 0x0000000728a00000|  0%| F|  |TAMS 0x0000000728800000, 0x0000000728800000| Untracked 
| 252|0x0000000728a00000, 0x0000000728a00000, 0x0000000728c00000|  0%| F|  |TAMS 0x0000000728a00000, 0x0000000728a00000| Untracked 
| 253|0x0000000728c00000, 0x0000000728c00000, 0x0000000728e00000|  0%| F|  |TAMS 0x0000000728c00000, 0x0000000728c00000| Untracked 
| 254|0x0000000728e00000, 0x0000000728e00000, 0x0000000729000000|  0%| F|  |TAMS 0x0000000728e00000, 0x0000000728e00000| Untracked 
| 255|0x0000000729000000, 0x0000000729000000, 0x0000000729200000|  0%| F|  |TAMS 0x0000000729000000, 0x0000000729000000| Untracked 
| 256|0x0000000729200000, 0x0000000729200000, 0x0000000729400000|  0%| F|  |TAMS 0x0000000729200000, 0x0000000729200000| Untracked 
| 257|0x0000000729400000, 0x0000000729400000, 0x0000000729600000|  0%| F|  |TAMS 0x0000000729400000, 0x0000000729400000| Untracked 
| 258|0x0000000729600000, 0x0000000729600000, 0x0000000729800000|  0%| F|  |TAMS 0x0000000729600000, 0x0000000729600000| Untracked 
| 259|0x0000000729800000, 0x0000000729800000, 0x0000000729a00000|  0%| F|  |TAMS 0x0000000729800000, 0x0000000729800000| Untracked 
| 260|0x0000000729a00000, 0x0000000729a00000, 0x0000000729c00000|  0%| F|  |TAMS 0x0000000729a00000, 0x0000000729a00000| Untracked 
| 261|0x0000000729c00000, 0x0000000729c00000, 0x0000000729e00000|  0%| F|  |TAMS 0x0000000729c00000, 0x0000000729c00000| Untracked 
| 262|0x0000000729e00000, 0x0000000729e00000, 0x000000072a000000|  0%| F|  |TAMS 0x0000000729e00000, 0x0000000729e00000| Untracked 
| 263|0x000000072a000000, 0x000000072a000000, 0x000000072a200000|  0%| F|  |TAMS 0x000000072a000000, 0x000000072a000000| Untracked 
| 264|0x000000072a200000, 0x000000072a200000, 0x000000072a400000|  0%| F|  |TAMS 0x000000072a200000, 0x000000072a200000| Untracked 
| 265|0x000000072a400000, 0x000000072a400000, 0x000000072a600000|  0%| F|  |TAMS 0x000000072a400000, 0x000000072a400000| Untracked 
| 266|0x000000072a600000, 0x000000072a600000, 0x000000072a800000|  0%| F|  |TAMS 0x000000072a600000, 0x000000072a600000| Untracked 
| 267|0x000000072a800000, 0x000000072a800000, 0x000000072aa00000|  0%| F|  |TAMS 0x000000072a800000, 0x000000072a800000| Untracked 
| 268|0x000000072aa00000, 0x000000072aa00000, 0x000000072ac00000|  0%| F|  |TAMS 0x000000072aa00000, 0x000000072aa00000| Untracked 
| 269|0x000000072ac00000, 0x000000072ac00000, 0x000000072ae00000|  0%| F|  |TAMS 0x000000072ac00000, 0x000000072ac00000| Untracked 
| 270|0x000000072ae00000, 0x000000072ae00000, 0x000000072b000000|  0%| F|  |TAMS 0x000000072ae00000, 0x000000072ae00000| Untracked 
| 271|0x000000072b000000, 0x000000072b000000, 0x000000072b200000|  0%| F|  |TAMS 0x000000072b000000, 0x000000072b000000| Untracked 
| 272|0x000000072b200000, 0x000000072b200000, 0x000000072b400000|  0%| F|  |TAMS 0x000000072b200000, 0x000000072b200000| Untracked 
| 273|0x000000072b400000, 0x000000072b400000, 0x000000072b600000|  0%| F|  |TAMS 0x000000072b400000, 0x000000072b400000| Untracked 
| 274|0x000000072b600000, 0x000000072b600000, 0x000000072b800000|  0%| F|  |TAMS 0x000000072b600000, 0x000000072b600000| Untracked 
| 275|0x000000072b800000, 0x000000072b800000, 0x000000072ba00000|  0%| F|  |TAMS 0x000000072b800000, 0x000000072b800000| Untracked 
| 276|0x000000072ba00000, 0x000000072ba00000, 0x000000072bc00000|  0%| F|  |TAMS 0x000000072ba00000, 0x000000072ba00000| Untracked 
| 277|0x000000072bc00000, 0x000000072bc00000, 0x000000072be00000|  0%| F|  |TAMS 0x000000072bc00000, 0x000000072bc00000| Untracked 
| 278|0x000000072be00000, 0x000000072be00000, 0x000000072c000000|  0%| F|  |TAMS 0x000000072be00000, 0x000000072be00000| Untracked 
| 279|0x000000072c000000, 0x000000072c000000, 0x000000072c200000|  0%| F|  |TAMS 0x000000072c000000, 0x000000072c000000| Untracked 
| 280|0x000000072c200000, 0x000000072c200000, 0x000000072c400000|  0%| F|  |TAMS 0x000000072c200000, 0x000000072c200000| Untracked 
| 281|0x000000072c400000, 0x000000072c400000, 0x000000072c600000|  0%| F|  |TAMS 0x000000072c400000, 0x000000072c400000| Untracked 
| 282|0x000000072c600000, 0x000000072c600000, 0x000000072c800000|  0%| F|  |TAMS 0x000000072c600000, 0x000000072c600000| Untracked 
| 283|0x000000072c800000, 0x000000072c800000, 0x000000072ca00000|  0%| F|  |TAMS 0x000000072c800000, 0x000000072c800000| Untracked 
| 284|0x000000072ca00000, 0x000000072ca00000, 0x000000072cc00000|  0%| F|  |TAMS 0x000000072ca00000, 0x000000072ca00000| Untracked 
| 285|0x000000072cc00000, 0x000000072cc00000, 0x000000072ce00000|  0%| F|  |TAMS 0x000000072cc00000, 0x000000072cc00000| Untracked 
| 286|0x000000072ce00000, 0x000000072ce00000, 0x000000072d000000|  0%| F|  |TAMS 0x000000072ce00000, 0x000000072ce00000| Untracked 
| 287|0x000000072d000000, 0x000000072d000000, 0x000000072d200000|  0%| F|  |TAMS 0x000000072d000000, 0x000000072d000000| Untracked 
| 288|0x000000072d200000, 0x000000072d200000, 0x000000072d400000|  0%| F|  |TAMS 0x000000072d200000, 0x000000072d200000| Untracked 
| 289|0x000000072d400000, 0x000000072d400000, 0x000000072d600000|  0%| F|  |TAMS 0x000000072d400000, 0x000000072d400000| Untracked 
| 290|0x000000072d600000, 0x000000072d600000, 0x000000072d800000|  0%| F|  |TAMS 0x000000072d600000, 0x000000072d600000| Untracked 
| 291|0x000000072d800000, 0x000000072d800000, 0x000000072da00000|  0%| F|  |TAMS 0x000000072d800000, 0x000000072d800000| Untracked 
| 292|0x000000072da00000, 0x000000072da00000, 0x000000072dc00000|  0%| F|  |TAMS 0x000000072da00000, 0x000000072da00000| Untracked 
| 293|0x000000072dc00000, 0x000000072dc00000, 0x000000072de00000|  0%| F|  |TAMS 0x000000072dc00000, 0x000000072dc00000| Untracked 
| 294|0x000000072de00000, 0x000000072de00000, 0x000000072e000000|  0%| F|  |TAMS 0x000000072de00000, 0x000000072de00000| Untracked 
| 295|0x000000072e000000, 0x000000072e000000, 0x000000072e200000|  0%| F|  |TAMS 0x000000072e000000, 0x000000072e000000| Untracked 
| 296|0x000000072e200000, 0x000000072e200000, 0x000000072e400000|  0%| F|  |TAMS 0x000000072e200000, 0x000000072e200000| Untracked 
| 297|0x000000072e400000, 0x000000072e400000, 0x000000072e600000|  0%| F|  |TAMS 0x000000072e400000, 0x000000072e400000| Untracked 
| 298|0x000000072e600000, 0x000000072e600000, 0x000000072e800000|  0%| F|  |TAMS 0x000000072e600000, 0x000000072e600000| Untracked 
| 299|0x000000072e800000, 0x000000072e800000, 0x000000072ea00000|  0%| F|  |TAMS 0x000000072e800000, 0x000000072e800000| Untracked 
| 300|0x000000072ea00000, 0x000000072ea00000, 0x000000072ec00000|  0%| F|  |TAMS 0x000000072ea00000, 0x000000072ea00000| Untracked 
| 301|0x000000072ec00000, 0x000000072ec00000, 0x000000072ee00000|  0%| F|  |TAMS 0x000000072ec00000, 0x000000072ec00000| Untracked 
| 302|0x000000072ee00000, 0x000000072ee00000, 0x000000072f000000|  0%| F|  |TAMS 0x000000072ee00000, 0x000000072ee00000| Untracked 
| 303|0x000000072f000000, 0x000000072f000000, 0x000000072f200000|  0%| F|  |TAMS 0x000000072f000000, 0x000000072f000000| Untracked 
| 304|0x000000072f200000, 0x000000072f200000, 0x000000072f400000|  0%| F|  |TAMS 0x000000072f200000, 0x000000072f200000| Untracked 
| 305|0x000000072f400000, 0x000000072f400000, 0x000000072f600000|  0%| F|  |TAMS 0x000000072f400000, 0x000000072f400000| Untracked 
| 306|0x000000072f600000, 0x000000072f600000, 0x000000072f800000|  0%| F|  |TAMS 0x000000072f600000, 0x000000072f600000| Untracked 
| 307|0x000000072f800000, 0x000000072f800000, 0x000000072fa00000|  0%| F|  |TAMS 0x000000072f800000, 0x000000072f800000| Untracked 
| 308|0x000000072fa00000, 0x000000072fa00000, 0x000000072fc00000|  0%| F|  |TAMS 0x000000072fa00000, 0x000000072fa00000| Untracked 
| 309|0x000000072fc00000, 0x000000072fc00000, 0x000000072fe00000|  0%| F|  |TAMS 0x000000072fc00000, 0x000000072fc00000| Untracked 
| 310|0x000000072fe00000, 0x000000072fe00000, 0x0000000730000000|  0%| F|  |TAMS 0x000000072fe00000, 0x000000072fe00000| Untracked 
| 311|0x0000000730000000, 0x0000000730000000, 0x0000000730200000|  0%| F|  |TAMS 0x0000000730000000, 0x0000000730000000| Untracked 
| 312|0x0000000730200000, 0x0000000730200000, 0x0000000730400000|  0%| F|  |TAMS 0x0000000730200000, 0x0000000730200000| Untracked 
| 313|0x0000000730400000, 0x0000000730400000, 0x0000000730600000|  0%| F|  |TAMS 0x0000000730400000, 0x0000000730400000| Untracked 
| 314|0x0000000730600000, 0x0000000730600000, 0x0000000730800000|  0%| F|  |TAMS 0x0000000730600000, 0x0000000730600000| Untracked 
| 315|0x0000000730800000, 0x0000000730800000, 0x0000000730a00000|  0%| F|  |TAMS 0x0000000730800000, 0x0000000730800000| Untracked 
| 316|0x0000000730a00000, 0x0000000730a00000, 0x0000000730c00000|  0%| F|  |TAMS 0x0000000730a00000, 0x0000000730a00000| Untracked 
| 317|0x0000000730c00000, 0x0000000730c00000, 0x0000000730e00000|  0%| F|  |TAMS 0x0000000730c00000, 0x0000000730c00000| Untracked 
| 318|0x0000000730e00000, 0x0000000730e00000, 0x0000000731000000|  0%| F|  |TAMS 0x0000000730e00000, 0x0000000730e00000| Untracked 
| 319|0x0000000731000000, 0x0000000731000000, 0x0000000731200000|  0%| F|  |TAMS 0x0000000731000000, 0x0000000731000000| Untracked 
| 320|0x0000000731200000, 0x0000000731200000, 0x0000000731400000|  0%| F|  |TAMS 0x0000000731200000, 0x0000000731200000| Untracked 
| 321|0x0000000731400000, 0x0000000731400000, 0x0000000731600000|  0%| F|  |TAMS 0x0000000731400000, 0x0000000731400000| Untracked 
| 322|0x0000000731600000, 0x0000000731600000, 0x0000000731800000|  0%| F|  |TAMS 0x0000000731600000, 0x0000000731600000| Untracked 
| 323|0x0000000731800000, 0x0000000731800000, 0x0000000731a00000|  0%| F|  |TAMS 0x0000000731800000, 0x0000000731800000| Untracked 
| 324|0x0000000731a00000, 0x0000000731a00000, 0x0000000731c00000|  0%| F|  |TAMS 0x0000000731a00000, 0x0000000731a00000| Untracked 
| 325|0x0000000731c00000, 0x0000000731c00000, 0x0000000731e00000|  0%| F|  |TAMS 0x0000000731c00000, 0x0000000731c00000| Untracked 
| 326|0x0000000731e00000, 0x0000000731e00000, 0x0000000732000000|  0%| F|  |TAMS 0x0000000731e00000, 0x0000000731e00000| Untracked 
| 327|0x0000000732000000, 0x0000000732000000, 0x0000000732200000|  0%| F|  |TAMS 0x0000000732000000, 0x0000000732000000| Untracked 
| 328|0x0000000732200000, 0x0000000732200000, 0x0000000732400000|  0%| F|  |TAMS 0x0000000732200000, 0x0000000732200000| Untracked 
| 329|0x0000000732400000, 0x0000000732400000, 0x0000000732600000|  0%| F|  |TAMS 0x0000000732400000, 0x0000000732400000| Untracked 
| 330|0x0000000732600000, 0x0000000732600000, 0x0000000732800000|  0%| F|  |TAMS 0x0000000732600000, 0x0000000732600000| Untracked 
| 331|0x0000000732800000, 0x0000000732800000, 0x0000000732a00000|  0%| F|  |TAMS 0x0000000732800000, 0x0000000732800000| Untracked 
| 332|0x0000000732a00000, 0x0000000732a00000, 0x0000000732c00000|  0%| F|  |TAMS 0x0000000732a00000, 0x0000000732a00000| Untracked 
| 333|0x0000000732c00000, 0x0000000732c00000, 0x0000000732e00000|  0%| F|  |TAMS 0x0000000732c00000, 0x0000000732c00000| Untracked 
| 334|0x0000000732e00000, 0x0000000732e00000, 0x0000000733000000|  0%| F|  |TAMS 0x0000000732e00000, 0x0000000732e00000| Untracked 
| 335|0x0000000733000000, 0x0000000733000000, 0x0000000733200000|  0%| F|  |TAMS 0x0000000733000000, 0x0000000733000000| Untracked 
| 336|0x0000000733200000, 0x0000000733200000, 0x0000000733400000|  0%| F|  |TAMS 0x0000000733200000, 0x0000000733200000| Untracked 
| 337|0x0000000733400000, 0x0000000733400000, 0x0000000733600000|  0%| F|  |TAMS 0x0000000733400000, 0x0000000733400000| Untracked 
| 338|0x0000000733600000, 0x0000000733600000, 0x0000000733800000|  0%| F|  |TAMS 0x0000000733600000, 0x0000000733600000| Untracked 
| 339|0x0000000733800000, 0x0000000733800000, 0x0000000733a00000|  0%| F|  |TAMS 0x0000000733800000, 0x0000000733800000| Untracked 
| 340|0x0000000733a00000, 0x0000000733a00000, 0x0000000733c00000|  0%| F|  |TAMS 0x0000000733a00000, 0x0000000733a00000| Untracked 
| 341|0x0000000733c00000, 0x0000000733c00000, 0x0000000733e00000|  0%| F|  |TAMS 0x0000000733c00000, 0x0000000733c00000| Untracked 
| 342|0x0000000733e00000, 0x0000000733e00000, 0x0000000734000000|  0%| F|  |TAMS 0x0000000733e00000, 0x0000000733e00000| Untracked 
| 343|0x0000000734000000, 0x0000000734000000, 0x0000000734200000|  0%| F|  |TAMS 0x0000000734000000, 0x0000000734000000| Untracked 
| 344|0x0000000734200000, 0x0000000734200000, 0x0000000734400000|  0%| F|  |TAMS 0x0000000734200000, 0x0000000734200000| Untracked 
| 345|0x0000000734400000, 0x0000000734400000, 0x0000000734600000|  0%| F|  |TAMS 0x0000000734400000, 0x0000000734400000| Untracked 
| 346|0x0000000734600000, 0x0000000734600000, 0x0000000734800000|  0%| F|  |TAMS 0x0000000734600000, 0x0000000734600000| Untracked 
| 347|0x0000000734800000, 0x0000000734800000, 0x0000000734a00000|  0%| F|  |TAMS 0x0000000734800000, 0x0000000734800000| Untracked 
| 348|0x0000000734a00000, 0x0000000734a00000, 0x0000000734c00000|  0%| F|  |TAMS 0x0000000734a00000, 0x0000000734a00000| Untracked 
| 349|0x0000000734c00000, 0x0000000734c00000, 0x0000000734e00000|  0%| F|  |TAMS 0x0000000734c00000, 0x0000000734c00000| Untracked 
| 350|0x0000000734e00000, 0x0000000734e00000, 0x0000000735000000|  0%| F|  |TAMS 0x0000000734e00000, 0x0000000734e00000| Untracked 
| 351|0x0000000735000000, 0x0000000735000000, 0x0000000735200000|  0%| F|  |TAMS 0x0000000735000000, 0x0000000735000000| Untracked 
| 352|0x0000000735200000, 0x0000000735200000, 0x0000000735400000|  0%| F|  |TAMS 0x0000000735200000, 0x0000000735200000| Untracked 
| 353|0x0000000735400000, 0x0000000735400000, 0x0000000735600000|  0%| F|  |TAMS 0x0000000735400000, 0x0000000735400000| Untracked 
| 354|0x0000000735600000, 0x0000000735600000, 0x0000000735800000|  0%| F|  |TAMS 0x0000000735600000, 0x0000000735600000| Untracked 
| 355|0x0000000735800000, 0x0000000735800000, 0x0000000735a00000|  0%| F|  |TAMS 0x0000000735800000, 0x0000000735800000| Untracked 
| 356|0x0000000735a00000, 0x0000000735a00000, 0x0000000735c00000|  0%| F|  |TAMS 0x0000000735a00000, 0x0000000735a00000| Untracked 
| 357|0x0000000735c00000, 0x0000000735c00000, 0x0000000735e00000|  0%| F|  |TAMS 0x0000000735c00000, 0x0000000735c00000| Untracked 
| 358|0x0000000735e00000, 0x0000000735e00000, 0x0000000736000000|  0%| F|  |TAMS 0x0000000735e00000, 0x0000000735e00000| Untracked 
| 359|0x0000000736000000, 0x0000000736000000, 0x0000000736200000|  0%| F|  |TAMS 0x0000000736000000, 0x0000000736000000| Untracked 
| 360|0x0000000736200000, 0x0000000736200000, 0x0000000736400000|  0%| F|  |TAMS 0x0000000736200000, 0x0000000736200000| Untracked 
| 361|0x0000000736400000, 0x0000000736400000, 0x0000000736600000|  0%| F|  |TAMS 0x0000000736400000, 0x0000000736400000| Untracked 
| 362|0x0000000736600000, 0x0000000736600000, 0x0000000736800000|  0%| F|  |TAMS 0x0000000736600000, 0x0000000736600000| Untracked 
| 363|0x0000000736800000, 0x0000000736800000, 0x0000000736a00000|  0%| F|  |TAMS 0x0000000736800000, 0x0000000736800000| Untracked 
| 364|0x0000000736a00000, 0x0000000736a00000, 0x0000000736c00000|  0%| F|  |TAMS 0x0000000736a00000, 0x0000000736a00000| Untracked 
| 365|0x0000000736c00000, 0x0000000736c00000, 0x0000000736e00000|  0%| F|  |TAMS 0x0000000736c00000, 0x0000000736c00000| Untracked 
| 366|0x0000000736e00000, 0x0000000736e00000, 0x0000000737000000|  0%| F|  |TAMS 0x0000000736e00000, 0x0000000736e00000| Untracked 
| 367|0x0000000737000000, 0x0000000737000000, 0x0000000737200000|  0%| F|  |TAMS 0x0000000737000000, 0x0000000737000000| Untracked 
| 368|0x0000000737200000, 0x0000000737200000, 0x0000000737400000|  0%| F|  |TAMS 0x0000000737200000, 0x0000000737200000| Untracked 
| 369|0x0000000737400000, 0x0000000737400000, 0x0000000737600000|  0%| F|  |TAMS 0x0000000737400000, 0x0000000737400000| Untracked 
| 370|0x0000000737600000, 0x0000000737600000, 0x0000000737800000|  0%| F|  |TAMS 0x0000000737600000, 0x0000000737600000| Untracked 
| 371|0x0000000737800000, 0x0000000737800000, 0x0000000737a00000|  0%| F|  |TAMS 0x0000000737800000, 0x0000000737800000| Untracked 
| 372|0x0000000737a00000, 0x0000000737a00000, 0x0000000737c00000|  0%| F|  |TAMS 0x0000000737a00000, 0x0000000737a00000| Untracked 
| 373|0x0000000737c00000, 0x0000000737c00000, 0x0000000737e00000|  0%| F|  |TAMS 0x0000000737c00000, 0x0000000737c00000| Untracked 
| 374|0x0000000737e00000, 0x0000000737e00000, 0x0000000738000000|  0%| F|  |TAMS 0x0000000737e00000, 0x0000000737e00000| Untracked 
| 375|0x0000000738000000, 0x0000000738000000, 0x0000000738200000|  0%| F|  |TAMS 0x0000000738000000, 0x0000000738000000| Untracked 
| 376|0x0000000738200000, 0x0000000738200000, 0x0000000738400000|  0%| F|  |TAMS 0x0000000738200000, 0x0000000738200000| Untracked 
| 377|0x0000000738400000, 0x0000000738400000, 0x0000000738600000|  0%| F|  |TAMS 0x0000000738400000, 0x0000000738400000| Untracked 
| 378|0x0000000738600000, 0x0000000738600000, 0x0000000738800000|  0%| F|  |TAMS 0x0000000738600000, 0x0000000738600000| Untracked 
| 379|0x0000000738800000, 0x0000000738800000, 0x0000000738a00000|  0%| F|  |TAMS 0x0000000738800000, 0x0000000738800000| Untracked 
| 380|0x0000000738a00000, 0x0000000738a00000, 0x0000000738c00000|  0%| F|  |TAMS 0x0000000738a00000, 0x0000000738a00000| Untracked 
| 381|0x0000000738c00000, 0x0000000738c00000, 0x0000000738e00000|  0%| F|  |TAMS 0x0000000738c00000, 0x0000000738c00000| Untracked 
| 382|0x0000000738e00000, 0x0000000738e00000, 0x0000000739000000|  0%| F|  |TAMS 0x0000000738e00000, 0x0000000738e00000| Untracked 
| 383|0x0000000739000000, 0x0000000739000000, 0x0000000739200000|  0%| F|  |TAMS 0x0000000739000000, 0x0000000739000000| Untracked 
| 384|0x0000000739200000, 0x0000000739200000, 0x0000000739400000|  0%| F|  |TAMS 0x0000000739200000, 0x0000000739200000| Untracked 
| 385|0x0000000739400000, 0x0000000739400000, 0x0000000739600000|  0%| F|  |TAMS 0x0000000739400000, 0x0000000739400000| Untracked 
| 386|0x0000000739600000, 0x0000000739600000, 0x0000000739800000|  0%| F|  |TAMS 0x0000000739600000, 0x0000000739600000| Untracked 
| 387|0x0000000739800000, 0x0000000739800000, 0x0000000739a00000|  0%| F|  |TAMS 0x0000000739800000, 0x0000000739800000| Untracked 
| 388|0x0000000739a00000, 0x0000000739a00000, 0x0000000739c00000|  0%| F|  |TAMS 0x0000000739a00000, 0x0000000739a00000| Untracked 
| 389|0x0000000739c00000, 0x0000000739c00000, 0x0000000739e00000|  0%| F|  |TAMS 0x0000000739c00000, 0x0000000739c00000| Untracked 
| 390|0x0000000739e00000, 0x0000000739f02018, 0x000000073a000000| 50%| E|  |TAMS 0x0000000739e00000, 0x0000000739e00000| Complete 
| 391|0x000000073a000000, 0x000000073a200000, 0x000000073a200000|100%| E|CS|TAMS 0x000000073a000000, 0x000000073a000000| Complete 
| 392|0x000000073a200000, 0x000000073a400000, 0x000000073a400000|100%| E|CS|TAMS 0x000000073a200000, 0x000000073a200000| Complete 
| 393|0x000000073a400000, 0x000000073a600000, 0x000000073a600000|100%| E|CS|TAMS 0x000000073a400000, 0x000000073a400000| Complete 
| 394|0x000000073a600000, 0x000000073a800000, 0x000000073a800000|100%| E|CS|TAMS 0x000000073a600000, 0x000000073a600000| Complete 
| 395|0x000000073a800000, 0x000000073aa00000, 0x000000073aa00000|100%| E|CS|TAMS 0x000000073a800000, 0x000000073a800000| Complete 
| 396|0x000000073aa00000, 0x000000073ac00000, 0x000000073ac00000|100%| E|CS|TAMS 0x000000073aa00000, 0x000000073aa00000| Complete 
| 397|0x000000073ac00000, 0x000000073ae00000, 0x000000073ae00000|100%| E|CS|TAMS 0x000000073ac00000, 0x000000073ac00000| Complete 
| 398|0x000000073ae00000, 0x000000073b000000, 0x000000073b000000|100%| E|CS|TAMS 0x000000073ae00000, 0x000000073ae00000| Complete 
| 399|0x000000073b000000, 0x000000073b200000, 0x000000073b200000|100%| E|CS|TAMS 0x000000073b000000, 0x000000073b000000| Complete 
| 400|0x000000073b200000, 0x000000073b400000, 0x000000073b400000|100%| E|CS|TAMS 0x000000073b200000, 0x000000073b200000| Complete 
| 401|0x000000073b400000, 0x000000073b600000, 0x000000073b600000|100%| E|CS|TAMS 0x000000073b400000, 0x000000073b400000| Complete 
| 402|0x000000073b600000, 0x000000073b800000, 0x000000073b800000|100%| E|CS|TAMS 0x000000073b600000, 0x000000073b600000| Complete 
| 403|0x000000073b800000, 0x000000073ba00000, 0x000000073ba00000|100%| E|CS|TAMS 0x000000073b800000, 0x000000073b800000| Complete 
| 404|0x000000073ba00000, 0x000000073bc00000, 0x000000073bc00000|100%| E|CS|TAMS 0x000000073ba00000, 0x000000073ba00000| Complete 
| 405|0x000000073bc00000, 0x000000073be00000, 0x000000073be00000|100%| E|CS|TAMS 0x000000073bc00000, 0x000000073bc00000| Complete 
| 406|0x000000073be00000, 0x000000073c000000, 0x000000073c000000|100%| E|CS|TAMS 0x000000073be00000, 0x000000073be00000| Complete 
| 407|0x000000073c000000, 0x000000073c200000, 0x000000073c200000|100%| E|CS|TAMS 0x000000073c000000, 0x000000073c000000| Complete 
| 408|0x000000073c200000, 0x000000073c400000, 0x000000073c400000|100%| E|CS|TAMS 0x000000073c200000, 0x000000073c200000| Complete 
| 409|0x000000073c400000, 0x000000073c600000, 0x000000073c600000|100%| E|CS|TAMS 0x000000073c400000, 0x000000073c400000| Complete 
| 410|0x000000073c600000, 0x000000073c800000, 0x000000073c800000|100%| E|CS|TAMS 0x000000073c600000, 0x000000073c600000| Complete 
| 411|0x000000073c800000, 0x000000073ca00000, 0x000000073ca00000|100%| E|CS|TAMS 0x000000073c800000, 0x000000073c800000| Complete 
| 412|0x000000073ca00000, 0x000000073cc00000, 0x000000073cc00000|100%| E|CS|TAMS 0x000000073ca00000, 0x000000073ca00000| Complete 
| 413|0x000000073cc00000, 0x000000073ce00000, 0x000000073ce00000|100%| E|CS|TAMS 0x000000073cc00000, 0x000000073cc00000| Complete 
| 414|0x000000073ce00000, 0x000000073d000000, 0x000000073d000000|100%| E|CS|TAMS 0x000000073ce00000, 0x000000073ce00000| Complete 
| 415|0x000000073d000000, 0x000000073d200000, 0x000000073d200000|100%| E|CS|TAMS 0x000000073d000000, 0x000000073d000000| Complete 
| 416|0x000000073d200000, 0x000000073d400000, 0x000000073d400000|100%| E|CS|TAMS 0x000000073d200000, 0x000000073d200000| Complete 
| 417|0x000000073d400000, 0x000000073d600000, 0x000000073d600000|100%| E|CS|TAMS 0x000000073d400000, 0x000000073d400000| Complete 
| 418|0x000000073d600000, 0x000000073d800000, 0x000000073d800000|100%| E|CS|TAMS 0x000000073d600000, 0x000000073d600000| Complete 
| 419|0x000000073d800000, 0x000000073da00000, 0x000000073da00000|100%| E|CS|TAMS 0x000000073d800000, 0x000000073d800000| Complete 
| 420|0x000000073da00000, 0x000000073dc00000, 0x000000073dc00000|100%| E|CS|TAMS 0x000000073da00000, 0x000000073da00000| Complete 
| 421|0x000000073dc00000, 0x000000073de00000, 0x000000073de00000|100%| E|CS|TAMS 0x000000073dc00000, 0x000000073dc00000| Complete 
| 422|0x000000073de00000, 0x000000073e000000, 0x000000073e000000|100%| E|CS|TAMS 0x000000073de00000, 0x000000073de00000| Complete 
| 423|0x000000073e000000, 0x000000073e200000, 0x000000073e200000|100%| E|CS|TAMS 0x000000073e000000, 0x000000073e000000| Complete 
| 424|0x000000073e200000, 0x000000073e400000, 0x000000073e400000|100%| E|CS|TAMS 0x000000073e200000, 0x000000073e200000| Complete 

Card table byte_map: [0x00000130583b0000,0x0000013058b70000] _byte_map_base: 0x0000013054b67000

Marking Bits (Prev, Next): (CMBitMap*) 0x00000130404c4430, (CMBitMap*) 0x00000130404c43f0
 Prev Bits: [0x000001305d0f0000, 0x0000013060ea8000)
 Next Bits: [0x0000013059330000, 0x000001305d0e8000)

Polling page: 0x000001303e2e0000

Metaspace:

Usage:
  Non-class:     60.94 MB used.
      Class:      7.76 MB used.
       Both:     68.70 MB used.

Virtual space:
  Non-class space:       64.00 MB reserved,      61.38 MB ( 96%) committed,  1 nodes.
      Class space:        1.00 GB reserved,       8.19 MB ( <1%) committed,  1 nodes.
             Both:        1.06 GB reserved,      69.56 MB (  6%) committed. 

Chunk freelists:
   Non-Class:  2.48 MB
       Class:  7.72 MB
        Both:  10.20 MB

MaxMetaspaceSize: unlimited
CompressedClassSpaceSize: 1.00 GB
Initial GC threshold: 21.00 MB
Current GC threshold: 108.88 MB
CDS: off
MetaspaceReclaimPolicy: balanced
 - commit_granule_bytes: 65536.
 - commit_granule_words: 8192.
 - virtual_space_node_default_size: 8388608.
 - enlarge_chunks_in_place: 1.
 - new_chunks_are_fully_committed: 0.
 - uncommit_free_chunks: 1.
 - use_allocation_guard: 0.
 - handle_deallocations: 1.


Internal statistics:

num_allocs_failed_limit: 3.
num_arena_births: 766.
num_arena_deaths: 0.
num_vsnodes_births: 2.
num_vsnodes_deaths: 0.
num_space_committed: 1113.
num_space_uncommitted: 0.
num_chunks_returned_to_freelist: 3.
num_chunks_taken_from_freelist: 2475.
num_chunk_merges: 0.
num_chunk_splits: 1680.
num_chunks_enlarged: 1126.
num_inconsistent_stats: 0.

CodeHeap 'non-profiled nmethods': size=120000Kb used=5348Kb max_used=5348Kb free=114651Kb
 bounds [0x0000013050160000, 0x00000130506a0000, 0x0000013057690000]
CodeHeap 'profiled nmethods': size=120000Kb used=14244Kb max_used=14544Kb free=105755Kb
 bounds [0x0000013048690000, 0x0000013049500000, 0x000001304fbc0000]
CodeHeap 'non-nmethods': size=5760Kb used=1512Kb max_used=1607Kb free=4247Kb
 bounds [0x000001304fbc0000, 0x000001304fe30000, 0x0000013050160000]
 total_blobs=7833 nmethods=6939 adapters=805
 compilation: enabled
              stopped_count=0, restarted_count=0
 full_count=0

Compilation events (20 events):
Event: 51.852 Thread 0x0000013063c1edd0 8399   !   3       java.util.ServiceLoader$LazyClassPathLookupIterator::parse (161 bytes)
Event: 51.853 Thread 0x0000013063c1edd0 nmethod 8399 0x0000013048911c90 code [0x0000013048912080, 0x0000013048913788]
Event: 51.853 Thread 0x0000013063c1e010 nmethod 8337 0x0000013050695690 code [0x0000013050695920, 0x0000013050696eb0]
Event: 51.853 Thread 0x0000013063c1e010 8392       4       java.lang.String::matches (6 bytes)
Event: 51.853 Thread 0x0000013063c1edd0 8400       3       java.nio.file.attribute.FileTime::compareTo (154 bytes)
Event: 51.854 Thread 0x0000013063c1edd0 nmethod 8400 0x000001304906bf10 code [0x000001304906c220, 0x000001304906d0f8]
Event: 51.857 Thread 0x0000013063c1e010 nmethod 8392 0x0000013050697b10 code [0x0000013050697ce0, 0x0000013050698168]
Event: 51.857 Thread 0x0000013063c1e010 8350       4       java.lang.String::subSequence (7 bytes)
Event: 51.857 Thread 0x0000013063c1edd0 8401       3       java.util.ServiceLoader::newLookupIterator (73 bytes)
Event: 51.857 Thread 0x0000013063c1edd0 nmethod 8401 0x000001304918ea90 code [0x000001304918ed00, 0x000001304918f9b8]
Event: 51.859 Thread 0x0000013063c1edd0 8403       3       com.st.microxplorer.db.McuAttributeClassification$McuAttributeItem::<init> (44 bytes)
Event: 51.859 Thread 0x0000013063c1e010 nmethod 8350 0x0000013050698590 code [0x0000013050698740, 0x0000013050698c68]
Event: 51.859 Thread 0x0000013063c1e010 8402       4       org.apache.xerces.impl.XMLScanner::scanAttributeValue (996 bytes)
Event: 51.860 Thread 0x0000013063c1edd0 nmethod 8403 0x0000013048b98490 code [0x0000013048b98640, 0x0000013048b98a18]
Event: 51.860 Thread 0x0000013063c1edd0 8404   !   3       java.util.ServiceLoader$ProviderImpl::newInstance (134 bytes)
Event: 51.860 Thread 0x0000013063c1edd0 nmethod 8404 0x0000013048f93510 code [0x0000013048f93800, 0x0000013048f947d8]
Event: 51.862 Thread 0x0000013063c1edd0 8407       3       org.apache.xerces.parsers.XIncludeAwareParserConfiguration::<init> (112 bytes)
Event: 51.862 Thread 0x0000013063c1edd0 nmethod 8407 0x00000130486a4210 code [0x00000130486a4500, 0x00000130486a5a78]
Event: 51.863 Thread 0x0000013063c1edd0 8408       3       org.apache.xerces.impl.XMLEntityManager::createUTF8Reader (47 bytes)
Event: 51.863 Thread 0x0000013063c1edd0 nmethod 8408 0x000001304918db10 code [0x000001304918dd20, 0x000001304918e708]

GC Heap History (20 events):
Event: 50.608 GC heap before
{Heap before GC invocations=40 (full 0):
 garbage-first heap   total 430080K, used 350176K [0x0000000709200000, 0x0000000800000000)
  region size 2048K, 112 young (229376K), 4 survivors (8192K)
 Metaspace       used 69185K, committed 70080K, reserved 1114112K
  class space    used 7887K, committed 8320K, reserved 1048576K
}
Event: 50.610 GC heap after
{Heap after GC invocations=41 (full 0):
 garbage-first heap   total 430080K, used 132820K [0x0000000709200000, 0x0000000800000000)
  region size 2048K, 6 young (12288K), 6 survivors (12288K)
 Metaspace       used 69185K, committed 70080K, reserved 1114112K
  class space    used 7887K, committed 8320K, reserved 1048576K
}
Event: 50.713 GC heap before
{Heap before GC invocations=41 (full 0):
 garbage-first heap   total 430080K, used 356052K [0x0000000709200000, 0x0000000800000000)
  region size 2048K, 115 young (235520K), 6 survivors (12288K)
 Metaspace       used 69439K, committed 70272K, reserved 1114112K
  class space    used 7899K, committed 8320K, reserved 1048576K
}
Event: 50.716 GC heap after
{Heap after GC invocations=42 (full 0):
 garbage-first heap   total 430080K, used 135540K [0x0000000709200000, 0x0000000800000000)
  region size 2048K, 7 young (14336K), 7 survivors (14336K)
 Metaspace       used 69439K, committed 70272K, reserved 1114112K
  class space    used 7899K, committed 8320K, reserved 1048576K
}
Event: 50.764 GC heap before
{Heap before GC invocations=42 (full 0):
 garbage-first heap   total 430080K, used 358772K [0x0000000709200000, 0x0000000800000000)
  region size 2048K, 116 young (237568K), 7 survivors (14336K)
 Metaspace       used 69474K, committed 70336K, reserved 1114112K
  class space    used 7899K, committed 8320K, reserved 1048576K
}
Event: 50.767 GC heap after
{Heap after GC invocations=43 (full 0):
 garbage-first heap   total 430080K, used 135961K [0x0000000709200000, 0x0000000800000000)
  region size 2048K, 7 young (14336K), 7 survivors (14336K)
 Metaspace       used 69474K, committed 70336K, reserved 1114112K
  class space    used 7899K, committed 8320K, reserved 1048576K
}
Event: 50.813 GC heap before
{Heap before GC invocations=43 (full 0):
 garbage-first heap   total 430080K, used 363289K [0x0000000709200000, 0x0000000800000000)
  region size 2048K, 118 young (241664K), 7 survivors (14336K)
 Metaspace       used 69474K, committed 70336K, reserved 1114112K
  class space    used 7899K, committed 8320K, reserved 1048576K
}
Event: 50.816 GC heap after
{Heap after GC invocations=44 (full 0):
 garbage-first heap   total 430080K, used 136379K [0x0000000709200000, 0x0000000800000000)
  region size 2048K, 8 young (16384K), 8 survivors (16384K)
 Metaspace       used 69474K, committed 70336K, reserved 1114112K
  class space    used 7899K, committed 8320K, reserved 1048576K
}
Event: 50.864 GC heap before
{Heap before GC invocations=44 (full 0):
 garbage-first heap   total 430080K, used 365755K [0x0000000709200000, 0x0000000800000000)
  region size 2048K, 120 young (245760K), 8 survivors (16384K)
 Metaspace       used 69480K, committed 70336K, reserved 1114112K
  class space    used 7899K, committed 8320K, reserved 1048576K
}
Event: 50.868 GC heap after
{Heap after GC invocations=45 (full 0):
 garbage-first heap   total 655360K, used 136911K [0x0000000709200000, 0x0000000800000000)
  region size 2048K, 8 young (16384K), 8 survivors (16384K)
 Metaspace       used 69480K, committed 70336K, reserved 1114112K
  class space    used 7899K, committed 8320K, reserved 1048576K
}
Event: 51.108 GC heap before
{Heap before GC invocations=45 (full 0):
 garbage-first heap   total 655360K, used 513743K [0x0000000709200000, 0x0000000800000000)
  region size 2048K, 192 young (393216K), 8 survivors (16384K)
 Metaspace       used 69556K, committed 70400K, reserved 1114112K
  class space    used 7899K, committed 8320K, reserved 1048576K
}
Event: 51.113 GC heap after
{Heap after GC invocations=46 (full 0):
 garbage-first heap   total 655360K, used 140044K [0x0000000709200000, 0x0000000800000000)
  region size 2048K, 9 young (18432K), 9 survivors (18432K)
 Metaspace       used 69556K, committed 70400K, reserved 1114112K
  class space    used 7899K, committed 8320K, reserved 1048576K
}
Event: 51.244 GC heap before
{Heap before GC invocations=46 (full 0):
 garbage-first heap   total 655360K, used 514828K [0x0000000709200000, 0x0000000800000000)
  region size 2048K, 192 young (393216K), 9 survivors (18432K)
 Metaspace       used 69596K, committed 70464K, reserved 1114112K
  class space    used 7899K, committed 8320K, reserved 1048576K
}
Event: 51.248 GC heap after
{Heap after GC invocations=47 (full 0):
 garbage-first heap   total 655360K, used 142590K [0x0000000709200000, 0x0000000800000000)
  region size 2048K, 11 young (22528K), 11 survivors (22528K)
 Metaspace       used 69596K, committed 70464K, reserved 1114112K
  class space    used 7899K, committed 8320K, reserved 1048576K
}
Event: 51.368 GC heap before
{Heap before GC invocations=47 (full 0):
 garbage-first heap   total 655360K, used 513278K [0x0000000709200000, 0x0000000800000000)
  region size 2048K, 192 young (393216K), 11 survivors (22528K)
 Metaspace       used 69606K, committed 70464K, reserved 1114112K
  class space    used 7899K, committed 8320K, reserved 1048576K
}
Event: 51.374 GC heap after
{Heap after GC invocations=48 (full 0):
 garbage-first heap   total 655360K, used 145412K [0x0000000709200000, 0x0000000800000000)
  region size 2048K, 12 young (24576K), 12 survivors (24576K)
 Metaspace       used 69606K, committed 70464K, reserved 1114112K
  class space    used 7899K, committed 8320K, reserved 1048576K
}
Event: 51.519 GC heap before
{Heap before GC invocations=48 (full 0):
 garbage-first heap   total 655360K, used 514052K [0x0000000709200000, 0x0000000800000000)
  region size 2048K, 192 young (393216K), 12 survivors (24576K)
 Metaspace       used 69647K, committed 70528K, reserved 1114112K
  class space    used 7899K, committed 8320K, reserved 1048576K
}
Event: 51.525 GC heap after
{Heap after GC invocations=49 (full 0):
 garbage-first heap   total 655360K, used 148010K [0x0000000709200000, 0x0000000800000000)
  region size 2048K, 13 young (26624K), 13 survivors (26624K)
 Metaspace       used 69647K, committed 70528K, reserved 1114112K
  class space    used 7899K, committed 8320K, reserved 1048576K
}
Event: 51.796 GC heap before
{Heap before GC invocations=49 (full 0):
 garbage-first heap   total 655360K, used 514602K [0x0000000709200000, 0x0000000800000000)
  region size 2048K, 192 young (393216K), 13 survivors (26624K)
 Metaspace       used 70262K, committed 71168K, reserved 1114112K
  class space    used 7938K, committed 8384K, reserved 1048576K
}
Event: 51.805 GC heap after
{Heap after GC invocations=50 (full 0):
 garbage-first heap   total 870400K, used 150916K [0x0000000709200000, 0x0000000800000000)
  region size 2048K, 15 young (30720K), 15 survivors (30720K)
 Metaspace       used 70262K, committed 71168K, reserved 1114112K
  class space    used 7938K, committed 8384K, reserved 1048576K
}

Dll operation events (15 events):
Event: 0.028 Loaded shared library D:\Program Files\STM32CubeMX\jre\bin\java.dll
Event: 0.093 Loaded shared library D:\Program Files\STM32CubeMX\jre\bin\jsvml.dll
Event: 0.180 Loaded shared library D:\Program Files\STM32CubeMX\jre\bin\net.dll
Event: 0.182 Loaded shared library D:\Program Files\STM32CubeMX\jre\bin\nio.dll
Event: 0.210 Loaded shared library D:\Program Files\STM32CubeMX\jre\bin\zip.dll
Event: 0.240 Loaded shared library D:\Program Files\STM32CubeMX\jre\bin\jimage.dll
Event: 0.383 Loaded shared library D:\Program Files\STM32CubeMX\jre\bin\management.dll
Event: 0.390 Loaded shared library D:\Program Files\STM32CubeMX\jre\bin\management_ext.dll
Event: 0.717 Loaded shared library D:\Program Files\STM32CubeMX\jre\bin\awt.dll
Event: 1.096 Loaded shared library D:\Program Files\STM32CubeMX\jre\bin\freetype.dll
Event: 1.098 Loaded shared library D:\Program Files\STM32CubeMX\jre\bin\fontmanager.dll
Event: 12.319 Loaded shared library D:\Program Files\STM32CubeMX\jre\bin\verify.dll
Event: 12.380 Loaded shared library D:\Program Files\STM32CubeMX\jre\bin\prefs.dll
Event: 34.386 Loaded shared library D:\Program Files\STM32CubeMX\jre\bin\sunmscapi.dll
Event: 46.641 Loaded shared library D:\Program Files\STM32CubeMX\jre\bin\javajpeg.dll

Deoptimization events (20 events):
Event: 51.704 Thread 0x000001307527de00 DEOPT PACKING pc=0x0000013048d4222f sp=0x0000000cb2ffe430
Event: 51.704 Thread 0x000001307527de00 DEOPT UNPACKING pc=0x000001304fc17143 sp=0x0000000cb2ffd8e8 mode 0
Event: 51.716 Thread 0x000001307527de00 Uncommon trap: trap_request=0xffffff45 fr.pc=0x0000013050540488 relative=0x00000000000042c8
Event: 51.716 Thread 0x000001307527de00 Uncommon trap: reason=unstable_if action=reinterpret pc=0x0000013050540488 method=java.lang.String.split(Ljava/lang/String;I)[Ljava/lang/String; @ 282 c2
Event: 51.716 Thread 0x000001307527de00 DEOPT PACKING pc=0x0000013050540488 sp=0x0000000cb2ffebb0
Event: 51.716 Thread 0x000001307527de00 DEOPT UNPACKING pc=0x000001304fc169a3 sp=0x0000000cb2ffeb90 mode 2
Event: 51.721 Thread 0x000001307527de00 DEOPT PACKING pc=0x0000013048d4222f sp=0x0000000cb2ffe690
Event: 51.721 Thread 0x000001307527de00 DEOPT UNPACKING pc=0x000001304fc17143 sp=0x0000000cb2ffdb48 mode 0
Event: 51.727 Thread 0x000001307527de00 DEOPT PACKING pc=0x0000013048d4222f sp=0x0000000cb2ffe690
Event: 51.727 Thread 0x000001307527de00 DEOPT UNPACKING pc=0x000001304fc17143 sp=0x0000000cb2ffdb48 mode 0
Event: 51.733 Thread 0x000001307527de00 DEOPT PACKING pc=0x0000013048d4222f sp=0x0000000cb2ffe290
Event: 51.733 Thread 0x000001307527de00 DEOPT UNPACKING pc=0x000001304fc17143 sp=0x0000000cb2ffd748 mode 0
Event: 51.736 Thread 0x000001307527de00 DEOPT PACKING pc=0x0000013048d4222f sp=0x0000000cb2ffe690
Event: 51.736 Thread 0x000001307527de00 DEOPT UNPACKING pc=0x000001304fc17143 sp=0x0000000cb2ffdb48 mode 0
Event: 51.740 Thread 0x000001307527de00 DEOPT PACKING pc=0x0000013048d4222f sp=0x0000000cb2ffe260
Event: 51.740 Thread 0x000001307527de00 DEOPT UNPACKING pc=0x000001304fc17143 sp=0x0000000cb2ffd718 mode 0
Event: 51.743 Thread 0x000001307527de00 DEOPT PACKING pc=0x0000013048d4222f sp=0x0000000cb2ffe690
Event: 51.743 Thread 0x000001307527de00 DEOPT UNPACKING pc=0x000001304fc17143 sp=0x0000000cb2ffdb48 mode 0
Event: 51.746 Thread 0x000001307527de00 DEOPT PACKING pc=0x0000013048d4222f sp=0x0000000cb2ffe260
Event: 51.746 Thread 0x000001307527de00 DEOPT UNPACKING pc=0x000001304fc17143 sp=0x0000000cb2ffd718 mode 0

Classes unloaded (0 events):
No events

Classes redefined (0 events):
No events

Internal exceptions (20 events):
Event: 50.692 Thread 0x000001307527de00 Exception <a 'java/lang/NullPointerException'{0x000000071b2117b8}> (0x000000071b2117b8) 
thrown [s\src\hotspot\share\runtime\sharedRuntime.cpp, line 628]
Event: 50.712 Thread 0x000001307527de00 Implicit null exception at 0x000001304941a1c0 to 0x000001304941ad68
Event: 50.712 Thread 0x000001307527de00 Exception <a 'java/lang/NullPointerException'{0x0000000716106158}> (0x0000000716106158) 
thrown [s\src\hotspot\share\runtime\sharedRuntime.cpp, line 628]
Event: 50.712 Thread 0x000001307527de00 Implicit null exception at 0x000001304941a1c0 to 0x000001304941ad68
Event: 50.712 Thread 0x000001307527de00 Exception <a 'java/lang/NullPointerException'{0x0000000716106430}> (0x0000000716106430) 
thrown [s\src\hotspot\share\runtime\sharedRuntime.cpp, line 628]
Event: 50.712 Thread 0x000001307527de00 Implicit null exception at 0x000001304941a1c0 to 0x000001304941ad68
Event: 50.712 Thread 0x000001307527de00 Exception <a 'java/lang/NullPointerException'{0x00000007161067a8}> (0x00000007161067a8) 
thrown [s\src\hotspot\share\runtime\sharedRuntime.cpp, line 628]
Event: 50.712 Thread 0x000001307527de00 Implicit null exception at 0x000001304941a1c0 to 0x000001304941ad68
Event: 50.712 Thread 0x000001307527de00 Exception <a 'java/lang/NullPointerException'{0x0000000716106a80}> (0x0000000716106a80) 
thrown [s\src\hotspot\share\runtime\sharedRuntime.cpp, line 628]
Event: 50.739 Thread 0x000001307527de00 Exception <a 'java/lang/NullPointerException'{0x000000071f543f28}> (0x000000071f543f28) 
thrown [s\src\hotspot\share\interpreter\linkResolver.cpp, line 1350]
Event: 50.739 Thread 0x000001307527de00 Exception <a 'java/lang/NullPointerException'{0x000000071f544200}> (0x000000071f544200) 
thrown [s\src\hotspot\share\interpreter\linkResolver.cpp, line 1350]
Event: 50.739 Thread 0x000001307527de00 Exception <a 'java/lang/NullPointerException'{0x000000071f544508}> (0x000000071f544508) 
thrown [s\src\hotspot\share\interpreter\linkResolver.cpp, line 1350]
Event: 50.739 Thread 0x000001307527de00 Exception <a 'java/lang/NullPointerException'{0x000000071f5447e0}> (0x000000071f5447e0) 
thrown [s\src\hotspot\share\interpreter\linkResolver.cpp, line 1350]
Event: 50.739 Thread 0x000001307527de00 Exception <a 'java/lang/NullPointerException'{0x000000071f54daf8}> (0x000000071f54daf8) 
thrown [s\src\hotspot\share\interpreter\linkResolver.cpp, line 1350]
Event: 50.739 Thread 0x000001307527de00 Exception <a 'java/lang/NullPointerException'{0x000000071f54ddd0}> (0x000000071f54ddd0) 
thrown [s\src\hotspot\share\interpreter\linkResolver.cpp, line 1350]
Event: 50.739 Thread 0x000001307527de00 Exception <a 'java/lang/NullPointerException'{0x000000071f54e0d8}> (0x000000071f54e0d8) 
thrown [s\src\hotspot\share\interpreter\linkResolver.cpp, line 1350]
Event: 50.739 Thread 0x000001307527de00 Exception <a 'java/lang/NullPointerException'{0x000000071f54e3b0}> (0x000000071f54e3b0) 
thrown [s\src\hotspot\share\interpreter\linkResolver.cpp, line 1350]
Event: 51.590 Thread 0x000001307527de00 Exception <a 'java/io/IOException'{0x00000007286adad0}> (0x00000007286adad0) 
thrown [s\src\hotspot\share\prims\jni.cpp, line 516]
Event: 51.590 Thread 0x000001307527de00 Exception <a 'java/io/IOException'{0x00000007286ae120}> (0x00000007286ae120) 
thrown [s\src\hotspot\share\prims\jni.cpp, line 516]
Event: 51.608 Thread 0x000001307527de00 Implicit null exception at 0x000001305029620b to 0x0000013050298d78

VM Operations (20 events):
Event: 50.962 Executing VM operation: HandshakeAllThreads
Event: 50.962 Executing VM operation: HandshakeAllThreads done
Event: 50.976 Executing VM operation: HandshakeAllThreads
Event: 50.976 Executing VM operation: HandshakeAllThreads done
Event: 51.097 Executing VM operation: ICBufferFull
Event: 51.097 Executing VM operation: ICBufferFull done
Event: 51.108 Executing VM operation: G1CollectForAllocation
Event: 51.113 Executing VM operation: G1CollectForAllocation done
Event: 51.244 Executing VM operation: G1CollectForAllocation
Event: 51.248 Executing VM operation: G1CollectForAllocation done
Event: 51.368 Executing VM operation: G1CollectForAllocation
Event: 51.374 Executing VM operation: G1CollectForAllocation done
Event: 51.519 Executing VM operation: G1CollectForAllocation
Event: 51.525 Executing VM operation: G1CollectForAllocation done
Event: 51.597 Executing VM operation: HandshakeAllThreads
Event: 51.597 Executing VM operation: HandshakeAllThreads done
Event: 51.600 Executing VM operation: HandshakeAllThreads
Event: 51.600 Executing VM operation: HandshakeAllThreads done
Event: 51.796 Executing VM operation: G1CollectForAllocation
Event: 51.805 Executing VM operation: G1CollectForAllocation done

Events (20 events):
Event: 51.575 Thread 0x000001307527b580 Thread added: 0x000001307527b580
Event: 51.575 Thread 0x000001307527b580 Thread exited: 0x000001307527b580
Event: 51.575 Thread 0x000001307527d3e0 Thread added: 0x000001307527d3e0
Event: 51.575 Thread 0x000001307527d3e0 Thread exited: 0x000001307527d3e0
Event: 51.575 Thread 0x000001307527c9c0 Thread added: 0x000001307527c9c0
Event: 51.575 Thread 0x000001307527c9c0 Thread exited: 0x000001307527c9c0
Event: 51.575 Thread 0x0000013073137f00 Thread added: 0x0000013073137f00
Event: 51.575 Thread 0x0000013073137f00 Thread exited: 0x0000013073137f00
Event: 51.575 Thread 0x0000013073137f00 Thread added: 0x0000013073137f00
Event: 51.575 Thread 0x0000013073137f00 Thread exited: 0x0000013073137f00
Event: 51.577 Thread 0x00000130731379f0 Thread added: 0x00000130731379f0
Event: 51.577 Thread 0x00000130731379f0 Thread exited: 0x00000130731379f0
Event: 51.577 Thread 0x00000130731374e0 Thread added: 0x00000130731374e0
Event: 51.577 Thread 0x00000130731374e0 Thread exited: 0x00000130731374e0
Event: 51.608 loading class java/util/regex/Pattern$Bound
Event: 51.608 loading class java/util/regex/Pattern$Bound done
Event: 51.608 loading class java/util/regex/Pattern$Neg
Event: 51.608 loading class java/util/regex/Pattern$Neg done
Event: 51.674 loading class jdk/internal/math/FloatingDecimal$HexFloatPattern
Event: 51.674 loading class jdk/internal/math/FloatingDecimal$HexFloatPattern done


Dynamic libraries:
0x00007ff757b30000 - 0x00007ff757b3e000 	D:\Program Files\STM32CubeMX\jre\bin\javaw.exe
0x00007ffac74b0000 - 0x00007ffac76a8000 	C:\WINDOWS\SYSTEM32\ntdll.dll
0x00007ffac6900000 - 0x00007ffac69c2000 	C:\WINDOWS\System32\KERNEL32.DLL
0x00007ffac4b70000 - 0x00007ffac4e6f000 	C:\WINDOWS\System32\KERNELBASE.dll
0x00007ffac01b0000 - 0x00007ffac0244000 	C:\WINDOWS\SYSTEM32\apphelp.dll
0x00007ffac50b0000 - 0x00007ffac51b0000 	C:\WINDOWS\System32\ucrtbase.dll
0x00007ffab58a0000 - 0x00007ffab58b9000 	D:\Program Files\STM32CubeMX\jre\bin\VCRUNTIME140.dll
0x00007ffaae2c0000 - 0x00007ffaae2d7000 	D:\Program Files\STM32CubeMX\jre\bin\jli.dll
0x00007ffac6f80000 - 0x00007ffac711d000 	C:\WINDOWS\System32\USER32.dll
0x00007ffac4fd0000 - 0x00007ffac4ff2000 	C:\WINDOWS\System32\win32u.dll
0x00007ffab4d80000 - 0x00007ffab501a000 	C:\WINDOWS\WinSxS\amd64_microsoft.windows.common-controls_6595b64144ccf1df_6.0.19041.4355_none_60b8b9eb71f62e16\COMCTL32.dll
0x00007ffac6430000 - 0x00007ffac645b000 	C:\WINDOWS\System32\GDI32.dll
0x00007ffac55f0000 - 0x00007ffac568e000 	C:\WINDOWS\System32\msvcrt.dll
0x00007ffac5200000 - 0x00007ffac5317000 	C:\WINDOWS\System32\gdi32full.dll
0x00007ffac5320000 - 0x00007ffac53bd000 	C:\WINDOWS\System32\msvcp_win.dll
0x00007ffac6e80000 - 0x00007ffac6eaf000 	C:\WINDOWS\System32\IMM32.DLL
0x00007ffac03c0000 - 0x00007ffac03cc000 	D:\Program Files\STM32CubeMX\jre\bin\vcruntime140_1.dll
0x00007ffa90de0000 - 0x00007ffa90e71000 	D:\Program Files\STM32CubeMX\jre\bin\msvcp140.dll
0x00007ffa59c40000 - 0x00007ffa5a88c000 	D:\Program Files\STM32CubeMX\jre\bin\server\jvm.dll
0x00007ffac73b0000 - 0x00007ffac7461000 	C:\WINDOWS\System32\ADVAPI32.dll
0x00007ffac5a60000 - 0x00007ffac5aff000 	C:\WINDOWS\System32\sechost.dll
0x00007ffac5b00000 - 0x00007ffac5c23000 	C:\WINDOWS\System32\RPCRT4.dll
0x00007ffac4b40000 - 0x00007ffac4b67000 	C:\WINDOWS\System32\bcrypt.dll
0x00007ffac4080000 - 0x00007ffac40cb000 	C:\WINDOWS\SYSTEM32\POWRPROF.dll
0x00007ffaba7a0000 - 0x00007ffaba7c7000 	C:\WINDOWS\SYSTEM32\WINMM.dll
0x00007ffabd620000 - 0x00007ffabd62a000 	C:\WINDOWS\SYSTEM32\VERSION.dll
0x00007ffab5870000 - 0x00007ffab5879000 	C:\WINDOWS\SYSTEM32\WSOCK32.dll
0x00007ffac6eb0000 - 0x00007ffac6f1b000 	C:\WINDOWS\System32\ws2_32.DLL
0x00007ffac3f40000 - 0x00007ffac3f52000 	C:\WINDOWS\SYSTEM32\UMPDC.dll
0x00007ffac29a0000 - 0x00007ffac29b2000 	C:\WINDOWS\SYSTEM32\kernel.appcore.dll
0x00007ffab4cf0000 - 0x00007ffab4cfa000 	D:\Program Files\STM32CubeMX\jre\bin\jimage.dll
0x00007ffab9e30000 - 0x00007ffaba014000 	C:\WINDOWS\SYSTEM32\DBGHELP.DLL
0x00007ffaae230000 - 0x00007ffaae264000 	C:\WINDOWS\SYSTEM32\dbgcore.DLL
0x00007ffac53c0000 - 0x00007ffac5442000 	C:\WINDOWS\System32\bcryptPrimitives.dll
0x00007ffaab700000 - 0x00007ffaab725000 	D:\Program Files\STM32CubeMX\jre\bin\java.dll
0x00007ffa8c610000 - 0x00007ffa8c6e6000 	D:\Program Files\STM32CubeMX\jre\bin\jsvml.dll
0x00007ffac5cc0000 - 0x00007ffac642e000 	C:\WINDOWS\System32\SHELL32.dll
0x00007ffac2bc0000 - 0x00007ffac3364000 	C:\WINDOWS\SYSTEM32\windows.storage.dll
0x00007ffac65a0000 - 0x00007ffac68f5000 	C:\WINDOWS\System32\combase.dll
0x00007ffac4570000 - 0x00007ffac459f000 	C:\WINDOWS\SYSTEM32\Wldp.dll
0x00007ffac5690000 - 0x00007ffac575d000 	C:\WINDOWS\System32\OLEAUT32.dll
0x00007ffac54c0000 - 0x00007ffac556d000 	C:\WINDOWS\System32\SHCORE.dll
0x00007ffac64c0000 - 0x00007ffac6515000 	C:\WINDOWS\System32\shlwapi.dll
0x00007ffac4a70000 - 0x00007ffac4a94000 	C:\WINDOWS\SYSTEM32\profapi.dll
0x00007ffaae280000 - 0x00007ffaae299000 	D:\Program Files\STM32CubeMX\jre\bin\net.dll
0x00007ffac1190000 - 0x00007ffac129d000 	C:\WINDOWS\SYSTEM32\WINHTTP.dll
0x00007ffac42d0000 - 0x00007ffac433a000 	C:\WINDOWS\system32\mswsock.dll
0x00007ffaa9ee0000 - 0x00007ffaa9ef5000 	D:\Program Files\STM32CubeMX\jre\bin\nio.dll
0x00007ffaa9ec0000 - 0x00007ffaa9ed8000 	D:\Program Files\STM32CubeMX\jre\bin\zip.dll
0x00007ffaaed20000 - 0x00007ffaaed29000 	D:\Program Files\STM32CubeMX\jre\bin\management.dll
0x00007ffaad1e0000 - 0x00007ffaad1eb000 	D:\Program Files\STM32CubeMX\jre\bin\management_ext.dll
0x00007ffac69f0000 - 0x00007ffac69f8000 	C:\WINDOWS\System32\PSAPI.DLL
0x00007ffa97a30000 - 0x00007ffa97a47000 	C:\WINDOWS\system32\napinsp.dll
0x00007ffa97a10000 - 0x00007ffa97a2b000 	C:\WINDOWS\system32\pnrpnsp.dll
0x00007ffac15c0000 - 0x00007ffac15d5000 	C:\WINDOWS\system32\wshbth.dll
0x00007ffac12b0000 - 0x00007ffac12cd000 	C:\WINDOWS\system32\NLAapi.dll
0x00007ffac3f60000 - 0x00007ffac3f9b000 	C:\WINDOWS\SYSTEM32\IPHLPAPI.DLL
0x00007ffac3fb0000 - 0x00007ffac407a000 	C:\WINDOWS\SYSTEM32\DNSAPI.dll
0x00007ffac6520000 - 0x00007ffac6528000 	C:\WINDOWS\System32\NSI.dll
0x00007ffa979f0000 - 0x00007ffa97a02000 	C:\WINDOWS\System32\winrnr.dll
0x00007ffac0570000 - 0x00007ffac057a000 	C:\Windows\System32\rasadhlp.dll
0x00007ffabfe80000 - 0x00007ffabff00000 	C:\WINDOWS\System32\fwpuclnt.dll
0x00007ffa8b680000 - 0x00007ffa8b80e000 	D:\Program Files\STM32CubeMX\jre\bin\awt.dll
0x00007ffac44c0000 - 0x00007ffac44d8000 	C:\WINDOWS\SYSTEM32\CRYPTSP.dll
0x00007ffac3b80000 - 0x00007ffac3bb4000 	C:\WINDOWS\system32\rsaenh.dll
0x00007ffac49f0000 - 0x00007ffac4a1e000 	C:\WINDOWS\SYSTEM32\USERENV.dll
0x00007ffac44e0000 - 0x00007ffac44ec000 	C:\WINDOWS\SYSTEM32\CRYPTBASE.dll
0x00007ffac0580000 - 0x00007ffac0597000 	C:\WINDOWS\SYSTEM32\dhcpcsvc6.DLL
0x00007ffac0800000 - 0x00007ffac081d000 	C:\WINDOWS\SYSTEM32\dhcpcsvc.DLL
0x00007ffac23c0000 - 0x00007ffac245e000 	C:\WINDOWS\system32\uxtheme.dll
0x00007ffac5890000 - 0x00007ffac59a5000 	C:\WINDOWS\System32\MSCTF.dll
0x00007ffac5760000 - 0x00007ffac588b000 	C:\WINDOWS\System32\ole32.dll
0x00007ffac25a0000 - 0x00007ffac25cf000 	C:\WINDOWS\system32\DWMAPI.DLL
0x00007ffa87ec0000 - 0x00007ffa87fe8000 	C:\WINDOWS\system32\opengl32.dll
0x00007ffa996c0000 - 0x00007ffa996ec000 	C:\WINDOWS\SYSTEM32\GLU32.dll
0x00007ffaa0450000 - 0x00007ffaa0621000 	C:\WINDOWS\system32\d3d9.dll
0x00007ffabb810000 - 0x00007ffabb8d4000 	C:\WINDOWS\System32\DriverStore\FileRepository\nv_dispsi.inf_amd64_3d88c2eb4775cc07\nvldumdx.dll
0x00007ffac4700000 - 0x00007ffac4712000 	C:\WINDOWS\SYSTEM32\msasn1.dll
0x00007ffabb8e0000 - 0x00007ffabb911000 	C:\WINDOWS\SYSTEM32\cryptnet.dll
0x00007ffac4e70000 - 0x00007ffac4fcc000 	C:\WINDOWS\System32\CRYPT32.dll
0x00007ffabb6a0000 - 0x00007ffabb7e7000 	C:\WINDOWS\SYSTEM32\drvstore.dll
0x00007ffac48d0000 - 0x00007ffac4903000 	C:\WINDOWS\SYSTEM32\devobj.dll
0x00007ffac51b0000 - 0x00007ffac51fe000 	C:\WINDOWS\System32\cfgmgr32.dll
0x00007ffac5450000 - 0x00007ffac54b9000 	C:\WINDOWS\System32\wintrust.dll
0x00007ffac69d0000 - 0x00007ffac69ed000 	C:\WINDOWS\System32\imagehlp.dll
0x00007ffab58c0000 - 0x00007ffab85d0000 	C:\WINDOWS\System32\DriverStore\FileRepository\nv_dispsi.inf_amd64_3d88c2eb4775cc07\nvgpucomp64.dll
0x00007ffa62540000 - 0x00007ffa642cc000 	C:\WINDOWS\System32\DriverStore\FileRepository\nv_dispsi.inf_amd64_3d88c2eb4775cc07\nvd3dumx.dll
0x00007ffac3380000 - 0x00007ffac33a3000 	C:\WINDOWS\SYSTEM32\gpapi.dll
0x00007ffab42e0000 - 0x00007ffab4435000 	C:\WINDOWS\System32\DriverStore\FileRepository\nv_dispsi.inf_amd64_3d88c2eb4775cc07\nvppex.dll
0x00007ffabb950000 - 0x00007ffabb98b000 	C:\WINDOWS\SYSTEM32\dxcore.dll
0x00007ffa8df40000 - 0x00007ffa8dfc6000 	D:\Program Files\STM32CubeMX\jre\bin\freetype.dll
0x00007ffa8b5a0000 - 0x00007ffa8b673000 	D:\Program Files\STM32CubeMX\jre\bin\fontmanager.dll
0x00007ffaad260000 - 0x00007ffaad270000 	D:\Program Files\STM32CubeMX\jre\bin\verify.dll
0x00007ffaad250000 - 0x00007ffaad259000 	D:\Program Files\STM32CubeMX\jre\bin\prefs.dll
0x00007ffaad240000 - 0x00007ffaad24e000 	D:\Program Files\STM32CubeMX\jre\bin\sunmscapi.dll
0x00007ffac45e0000 - 0x00007ffac4607000 	C:\WINDOWS\SYSTEM32\ncrypt.dll
0x00007ffac45a0000 - 0x00007ffac45db000 	C:\WINDOWS\SYSTEM32\NTASN1.dll
0x00007ffaad210000 - 0x00007ffaad23d000 	D:\Program Files\STM32CubeMX\jre\bin\javajpeg.dll
0x00007ffac59b0000 - 0x00007ffac5a59000 	C:\WINDOWS\System32\clbcatq.dll
0x00007ffac21d0000 - 0x00007ffac2384000 	C:\WINDOWS\SYSTEM32\WindowsCodecs.dll
0x00007ffaa4470000 - 0x00007ffaa44ae000 	C:\WINDOWS\system32\dataexchange.dll
0x00007ffabf830000 - 0x00007ffabfa14000 	C:\WINDOWS\system32\dcomp.dll
0x00007ffabf260000 - 0x00007ffabf4c3000 	C:\WINDOWS\system32\d3d11.dll
0x00007ffac34f0000 - 0x00007ffac35e6000 	C:\WINDOWS\system32\dxgi.dll
0x00007ffabd2c0000 - 0x00007ffabd4c3000 	C:\WINDOWS\system32\twinapi.appcore.dll
0x00007ffaa9bc0000 - 0x00007ffaa9cb9000 	C:\WINDOWS\SYSTEM32\textinputframework.dll
0x00007ffabf4d0000 - 0x00007ffabf82b000 	C:\WINDOWS\System32\CoreUIComponents.dll
0x00007ffac0c10000 - 0x00007ffac0d02000 	C:\WINDOWS\System32\CoreMessaging.dll
0x00007ffac3dd0000 - 0x00007ffac3e03000 	C:\WINDOWS\SYSTEM32\ntmarta.dll
0x00007ffac1640000 - 0x00007ffac1797000 	C:\WINDOWS\SYSTEM32\wintypes.dll

dbghelp: loaded successfully - version: 4.0.5 - missing functions: none
symbol engine: initialized successfully - sym options: 0x614 - pdb path: .;D:\Program Files\STM32CubeMX\jre\bin;C:\WINDOWS\SYSTEM32;C:\WINDOWS\WinSxS\amd64_microsoft.windows.common-controls_6595b64144ccf1df_6.0.19041.4355_none_60b8b9eb71f62e16;D:\Program Files\STM32CubeMX\jre\bin\server;C:\WINDOWS\System32\DriverStore\FileRepository\nv_dispsi.inf_amd64_3d88c2eb4775cc07

VM Arguments:
jvm_args: -Djavax.net.ssl.trustStoreType=WINDOWS-ROOT 
java_command: com.st.microxplorer.maingui.STM32CubeMX F:\RM_Program\RM_Code_Program\Template\RM_Hero\RM_Hero_UP_Board\RM_Template.ioc
java_class_path (initial): D:\Program Files\STM32CubeMX\STM32CubeMX.exe;anything
Launcher Type: SUN_STANDARD

[Global flags]
     intx CICompilerCount                          = 4                                         {product} {ergonomic}
     uint ConcGCThreads                            = 3                                         {product} {ergonomic}
     uint G1ConcRefinementThreads                  = 10                                        {product} {ergonomic}
   size_t G1HeapRegionSize                         = 2097152                                   {product} {ergonomic}
    uintx GCDrainStackTargetSize                   = 64                                        {product} {ergonomic}
   size_t InitialHeapSize                          = 260046848                                 {product} {ergonomic}
   size_t MarkStackSize                            = 4194304                                   {product} {ergonomic}
   size_t MaxHeapSize                              = 4141875200                                {product} {ergonomic}
   size_t MaxNewSize                               = 2485125120                                {product} {ergonomic}
   size_t MinHeapDeltaBytes                        = 2097152                                   {product} {ergonomic}
   size_t MinHeapSize                              = 8388608                                   {product} {ergonomic}
    uintx NonNMethodCodeHeapSize                   = 5839372                                {pd product} {ergonomic}
    uintx NonProfiledCodeHeapSize                  = 122909434                              {pd product} {ergonomic}
    uintx ProfiledCodeHeapSize                     = 122909434                              {pd product} {ergonomic}
    uintx ReservedCodeCacheSize                    = 251658240                              {pd product} {ergonomic}
     bool SegmentedCodeCache                       = true                                      {product} {ergonomic}
   size_t SoftMaxHeapSize                          = 4141875200                             {manageable} {ergonomic}
     bool UseCompressedClassPointers               = true                           {product lp64_product} {ergonomic}
     bool UseCompressedOops                        = true                           {product lp64_product} {ergonomic}
     bool UseG1GC                                  = true                                      {product} {ergonomic}
     bool UseLargePagesIndividualAllocation        = false                                  {pd product} {ergonomic}

Logging:
Log output configuration:
 #0: stdout all=warning uptime,level,tags
 #1: stderr all=off uptime,level,tags

Environment Variables:
JAVA_HOME=C:\path\java\jdk.1.8.0_201
PATH=D:\Program Files\STM32CubeMX\;C:\Program Files (x86)\VMware\VMware Workstation\bin\;C:\Program Files (x86)\Common Files\Oracle\Java\javapath;C:\Program Files (x86)\Common Files\Oracle\Java\java8path;C:\WINDOWS\system32;C:\WINDOWS;C:\WINDOWS\System32\Wbem;C:\WINDOWS\System32\WindowsPowerShell\v1.0\;C:\WINDOWS\System32\OpenSSH\;D:\Program Files\Git\cmd;C:\Program Files\dotnet\;C:\Program Files (x86)\GNU Arm Embedded Toolchain\10 2021.10\bin;C:\MinGW\bin;C:\MinGW\x86_64-8.1.0-release-win32-seh-rt_v6-rev0\mingw64\bin;C:\openocd-20231002\OpenOCD-20231002-0.12.0\bin;C:\Program Files (x86)\GnuWin32\bin;H:\Program Files (x64)\MATLAB\runtime\win64;H:\Program Files (x64)\MATLAB\bin;;C:\Program Files (x86)\NVIDIA Corporation\PhysX\Common;D:\esp;C:\Users\supeng\AppData\Local\Microsoft\WindowsApps;D:\Program Files\Microsoft VS Code\bin;C:\Program Files (x86)\GnuWin32\bin;C:\msys64\ucrt64\bin;C:\path\gcc-arm-none-eabi\bin;C:\path\mingw64\bin;C:\path\openocd\bin;C:\path\java\jdk.1.8.0_201\bin;C:\path\java\jdk.1.8.0_201\jre\bin;C:\Users\supeng\AppData\Local\GitHubDesktop\bin;D:\Program Files\STM32CubeMX\.\jre\\bin
USERNAME=supeng
OS=Windows_NT
PROCESSOR_IDENTIFIER=AMD64 Family 25 Model 80 Stepping 0, AuthenticAMD
TMP=C:\Users\supeng\AppData\Local\Temp
TEMP=C:\Users\supeng\AppData\Local\Temp



---------------  S Y S T E M  ---------------

OS:
 Windows 10 , 64 bit Build 19041 (10.0.19041.5198)
OS uptime: 3 days 13:10 hours

CPU: total 12 (initial active 12) (12 cores per cpu, 2 threads per core) family 25 model 80 stepping 0 microcode 0x0, cx8, cmov, fxsr, ht, mmx, 3dnowpref, sse, sse2, sse3, ssse3, sse4a, sse4.1, sse4.2, popcnt, lzcnt, tsc, tscinvbit, avx, avx2, aes, erms, clmul, bmi1, bmi2, adx, sha, fma, vzeroupper, clflush, clflushopt
Processor Information for all 12 processors :
  Max Mhz: 3901, Current Mhz: 3901, Mhz Limit: 3901

Memory: 4k page, system-wide physical 15799M (5053M free)
TotalPageFile size 50799M (AvailPageFile size 5M)
current process WorkingSet (physical memory assigned to process): 921M, peak: 921M
current process commit charge ("private bytes"): 1208M, peak: 1210M

vm_info: OpenJDK 64-Bit Server VM (17.0.8.1+1) for windows-amd64 JRE (17.0.8.1+1), built on Aug 23 2023 15:29:17 by "admin" with MS VC++ 16.7 (VS2019)

END.
